Entity,Code,Date,Case fatality rate of COVID-19 (%) (Only observations with â‰¥100 cases) (%)
Afghanistan,AFG,29-Mar-20,2.830188679
Afghanistan,AFG,30-Mar-20,3.50877193
Afghanistan,AFG,31-Mar-20,2.836879433
Afghanistan,AFG,1-Apr-20,2.409638554
Afghanistan,AFG,2-Apr-20,2.083333333
Afghanistan,AFG,3-Apr-20,1.70212766
Albania,ALB,24-Mar-20,4
Albania,ALB,25-Mar-20,4.06504065
Albania,ALB,26-Mar-20,3.424657534
Albania,ALB,27-Mar-20,3.448275862
Albania,ALB,28-Mar-20,4.838709677
Albania,ALB,29-Mar-20,5.076142132
Albania,ALB,30-Mar-20,4.716981132
Albania,ALB,31-Mar-20,5.381165919
Albania,ALB,1-Apr-20,6.172839506
Albania,ALB,2-Apr-20,5.791505792
Albania,ALB,3-Apr-20,5.776173285
Algeria,DZA,23-Mar-20,14.70588235
Algeria,DZA,24-Mar-20,8.994708995
Algeria,DZA,25-Mar-20,7.359307359
Algeria,DZA,26-Mar-20,6.439393939
Algeria,DZA,27-Mar-20,6.885245902
Algeria,DZA,28-Mar-20,6.885245902
Algeria,DZA,29-Mar-20,6.356968215
Algeria,DZA,30-Mar-20,6.387665198
Algeria,DZA,31-Mar-20,6.066536204
Algeria,DZA,1-Apr-20,5.993150685
Algeria,DZA,2-Apr-20,6.847697757
Algeria,DZA,3-Apr-20,6.847697757
Andorra,AND,23-Mar-20,0
Andorra,AND,24-Mar-20,0
Andorra,AND,25-Mar-20,0
Andorra,AND,26-Mar-20,0
Andorra,AND,27-Mar-20,1.339285714
Andorra,AND,28-Mar-20,1.123595506
Andorra,AND,29-Mar-20,1.298701299
Andorra,AND,30-Mar-20,1.796407186
Andorra,AND,31-Mar-20,2.162162162
Andorra,AND,1-Apr-20,3.191489362
Andorra,AND,2-Apr-20,3.58974359
Andorra,AND,3-Apr-20,3.504672897
Argentina,ARG,20-Mar-20,2.34375
Argentina,ARG,21-Mar-20,1.898734177
Argentina,ARG,22-Mar-20,1.777777778
Argentina,ARG,23-Mar-20,1.503759398
Argentina,ARG,24-Mar-20,1.328903654
Argentina,ARG,25-Mar-20,1.550387597
Argentina,ARG,26-Mar-20,1.593625498
Argentina,ARG,27-Mar-20,2.037351443
Argentina,ARG,28-Mar-20,2.463768116
Argentina,ARG,29-Mar-20,2.55033557
Argentina,ARG,30-Mar-20,2.43902439
Argentina,ARG,31-Mar-20,2.48447205
Argentina,ARG,1-Apr-20,2.48447205
Argentina,ARG,2-Apr-20,2.736098853
Argentina,ARG,3-Apr-20,3.000882613
Armenia,ARM,19-Mar-20,0
Armenia,ARM,20-Mar-20,0
Armenia,ARM,21-Mar-20,0
Armenia,ARM,22-Mar-20,0
Armenia,ARM,23-Mar-20,0
Armenia,ARM,24-Mar-20,0
Armenia,ARM,25-Mar-20,0
Armenia,ARM,26-Mar-20,0
Armenia,ARM,27-Mar-20,0.303951368
Armenia,ARM,28-Mar-20,0.268817204
Armenia,ARM,29-Mar-20,0.70754717
Armenia,ARM,30-Mar-20,0.70754717
Armenia,ARM,31-Mar-20,0.622406639
Armenia,ARM,1-Apr-20,0.563909774
Armenia,ARM,2-Apr-20,0.525394046
Armenia,ARM,3-Apr-20,0.60331825
Australia,AUS,10-Mar-20,3
Australia,AUS,11-Mar-20,2.678571429
Australia,AUS,12-Mar-20,2.380952381
Australia,AUS,13-Mar-20,1.923076923
Australia,AUS,14-Mar-20,1.52284264
Australia,AUS,15-Mar-20,1.204819277
Australia,AUS,16-Mar-20,1.677852349
Australia,AUS,17-Mar-20,1.333333333
Australia,AUS,18-Mar-20,1.101321586
Australia,AUS,19-Mar-20,1.061946903
Australia,AUS,20-Mar-20,0.846262341
Australia,AUS,21-Mar-20,0.800915332
Australia,AUS,22-Mar-20,0.637522769
Australia,AUS,23-Mar-20,0.409596255
Australia,AUS,24-Mar-20,0.383982447
Australia,AUS,25-Mar-20,0.330169212
Australia,AUS,26-Mar-20,0.392997499
Australia,AUS,27-Mar-20,0.410612761
Australia,AUS,28-Mar-20,0.384843102
Australia,AUS,29-Mar-20,0.367550538
Australia,AUS,30-Mar-20,0.390911312
Australia,AUS,31-Mar-20,0.41694097
Australia,AUS,1-Apr-20,0.424899086
Australia,AUS,2-Apr-20,0.422025723
Australia,AUS,3-Apr-20,0.440275651
Austria,AUT,9-Mar-20,0
Austria,AUT,10-Mar-20,0
Austria,AUT,11-Mar-20,0
Austria,AUT,12-Mar-20,0
Austria,AUT,13-Mar-20,0.27700831
Austria,AUT,14-Mar-20,0.198412698
Austria,AUT,15-Mar-20,0.152671756
Austria,AUT,16-Mar-20,0.11627907
Austria,AUT,17-Mar-20,0.295275591
Austria,AUT,18-Mar-20,0.225225225
Austria,AUT,19-Mar-20,0.243013366
Austria,AUT,20-Mar-20,0.273224044
Austria,AUT,21-Mar-20,0.226500566
Austria,AUT,22-Mar-20,0.264550265
Austria,AUT,23-Mar-20,0.440649959
Austria,AUT,24-Mar-20,0.557289345
Austria,AUT,25-Mar-20,0.567966679
Austria,AUT,26-Mar-20,0.577445652
Austria,AUT,27-Mar-20,0.739792289
Austria,AUT,28-Mar-20,0.883461089
Austria,AUT,29-Mar-20,0.820166446
Austria,AUT,30-Mar-20,0.975831159
Austria,AUT,31-Mar-20,1.122894573
Austria,AUT,1-Apr-20,1.257120409
Austria,AUT,2-Apr-20,1.363084679
Austria,AUT,3-Apr-20,1.41971426
Azerbaijan,AZE,27-Mar-20,2.459016393
Azerbaijan,AZE,28-Mar-20,1.818181818
Azerbaijan,AZE,29-Mar-20,2.197802198
Azerbaijan,AZE,30-Mar-20,1.913875598
Azerbaijan,AZE,31-Mar-20,1.465201465
Azerbaijan,AZE,1-Apr-20,1.677852349
Azerbaijan,AZE,2-Apr-20,1.39275766
Azerbaijan,AZE,3-Apr-20,1.25
Bahrain,BHR,10-Mar-20,0
Bahrain,BHR,11-Mar-20,0
Bahrain,BHR,12-Mar-20,0
Bahrain,BHR,13-Mar-20,0
Bahrain,BHR,14-Mar-20,0
Bahrain,BHR,15-Mar-20,0
Bahrain,BHR,16-Mar-20,0
Bahrain,BHR,17-Mar-20,0.452488688
Bahrain,BHR,18-Mar-20,0.421940928
Bahrain,BHR,19-Mar-20,0.390625
Bahrain,BHR,20-Mar-20,0.371747212
Bahrain,BHR,21-Mar-20,0.350877193
Bahrain,BHR,22-Mar-20,0.326797386
Bahrain,BHR,23-Mar-20,0.598802395
Bahrain,BHR,24-Mar-20,0.589970501
Bahrain,BHR,25-Mar-20,0.769230769
Bahrain,BHR,26-Mar-20,0.715990453
Bahrain,BHR,27-Mar-20,0.873362445
Bahrain,BHR,28-Mar-20,0.858369099
Bahrain,BHR,29-Mar-20,0.845665962
Bahrain,BHR,30-Mar-20,0.8
Bahrain,BHR,31-Mar-20,0.776699029
Bahrain,BHR,1-Apr-20,0.705467372
Bahrain,BHR,2-Apr-20,0.702987698
Bahrain,BHR,3-Apr-20,0.622083981
Belarus,BLR,31-Mar-20,0
Belarus,BLR,1-Apr-20,0
Belarus,BLR,2-Apr-20,0
Belarus,BLR,3-Apr-20,1.57480315
Belgium,BEL,7-Mar-20,0
Belgium,BEL,8-Mar-20,0
Belgium,BEL,9-Mar-20,0
Belgium,BEL,10-Mar-20,0
Belgium,BEL,11-Mar-20,0
Belgium,BEL,12-Mar-20,0.955414013
Belgium,BEL,13-Mar-20,0.751879699
Belgium,BEL,14-Mar-20,0.53667263
Belgium,BEL,15-Mar-20,0.580551524
Belgium,BEL,16-Mar-20,0.451467269
Belgium,BEL,17-Mar-20,0.460829493
Belgium,BEL,18-Mar-20,0.402252615
Belgium,BEL,19-Mar-20,0.942126514
Belgium,BEL,20-Mar-20,1.169916435
Belgium,BEL,21-Mar-20,1.639344262
Belgium,BEL,22-Mar-20,2.380106572
Belgium,BEL,23-Mar-20,2.205233755
Belgium,BEL,24-Mar-20,2.351055303
Belgium,BEL,25-Mar-20,2.857812134
Belgium,BEL,26-Mar-20,3.605428398
Belgium,BEL,27-Mar-20,3.528468324
Belgium,BEL,28-Mar-20,3.96760022
Belgium,BEL,29-Mar-20,3.86468141
Belgium,BEL,30-Mar-20,3.977482466
Belgium,BEL,31-Mar-20,4.311286663
Belgium,BEL,1-Apr-20,5.518590998
Belgium,BEL,2-Apr-20,5.929533085
Belgium,BEL,3-Apr-20,6.587177482
Bolivia,BOL,31-Mar-20,5.607476636
Bolivia,BOL,1-Apr-20,6.086956522
Bolivia,BOL,2-Apr-20,6.504065041
Bolivia,BOL,3-Apr-20,6.818181818
Bosnia and Herzegovina,BIH,23-Mar-20,0.8
Bosnia and Herzegovina,BIH,24-Mar-20,0.775193798
Bosnia and Herzegovina,BIH,25-Mar-20,1.234567901
Bosnia and Herzegovina,BIH,26-Mar-20,1.657458564
Bosnia and Herzegovina,BIH,27-Mar-20,1.657458564
Bosnia and Herzegovina,BIH,28-Mar-20,1.310043668
Bosnia and Herzegovina,BIH,29-Mar-20,1.945525292
Bosnia and Herzegovina,BIH,30-Mar-20,1.857585139
Bosnia and Herzegovina,BIH,31-Mar-20,2.266288952
Bosnia and Herzegovina,BIH,1-Apr-20,2.905569007
Bosnia and Herzegovina,BIH,2-Apr-20,2.801724138
Bosnia and Herzegovina,BIH,3-Apr-20,3.195488722
Brazil,BRA,15-Mar-20,0
Brazil,BRA,16-Mar-20,0
Brazil,BRA,17-Mar-20,0
Brazil,BRA,18-Mar-20,0.343642612
Brazil,BRA,19-Mar-20,0.934579439
Brazil,BRA,20-Mar-20,0.966183575
Brazil,BRA,21-Mar-20,1.216814159
Brazil,BRA,22-Mar-20,1.595744681
Brazil,BRA,23-Mar-20,1.617076326
Brazil,BRA,24-Mar-20,1.797990481
Brazil,BRA,25-Mar-20,2.089959109
Brazil,BRA,26-Mar-20,2.342786683
Brazil,BRA,27-Mar-20,2.641509434
Brazil,BRA,28-Mar-20,2.692420252
Brazil,BRA,29-Mar-20,2.920081967
Brazil,BRA,30-Mar-20,3.195488722
Brazil,BRA,31-Mar-20,3.472373881
Brazil,BRA,1-Apr-20,3.515829981
Brazil,BRA,2-Apr-20,3.525453482
Brazil,BRA,3-Apr-20,3.780025284
Brunei,BRN,25-Mar-20,0
Brunei,BRN,26-Mar-20,0
Brunei,BRN,27-Mar-20,0
Brunei,BRN,28-Mar-20,0
Brunei,BRN,29-Mar-20,0.833333333
Brunei,BRN,30-Mar-20,0.793650794
Brunei,BRN,31-Mar-20,0.787401575
Brunei,BRN,1-Apr-20,0.775193798
Brunei,BRN,2-Apr-20,0.763358779
Brunei,BRN,3-Apr-20,0.751879699
Bulgaria,BGR,20-Mar-20,2.857142857
Bulgaria,BGR,21-Mar-20,2.362204724
Bulgaria,BGR,22-Mar-20,1.840490798
Bulgaria,BGR,23-Mar-20,1.621621622
Bulgaria,BGR,24-Mar-20,1.492537313
Bulgaria,BGR,25-Mar-20,1.363636364
Bulgaria,BGR,26-Mar-20,1.239669421
Bulgaria,BGR,27-Mar-20,1.136363636
Bulgaria,BGR,28-Mar-20,1.023890785
Bulgaria,BGR,29-Mar-20,2.114803625
Bulgaria,BGR,30-Mar-20,2.312138728
Bulgaria,BGR,31-Mar-20,2.228412256
Bulgaria,BGR,1-Apr-20,2.005012531
Bulgaria,BGR,2-Apr-20,2.369668246
Bulgaria,BGR,3-Apr-20,2.188183807
Burkina Faso,BFA,26-Mar-20,2.631578947
Burkina Faso,BFA,27-Mar-20,2.054794521
Burkina Faso,BFA,28-Mar-20,2.054794521
Burkina Faso,BFA,29-Mar-20,5
Burkina Faso,BFA,30-Mar-20,5
Burkina Faso,BFA,31-Mar-20,5.405405405
Burkina Faso,BFA,1-Apr-20,4.87804878
Burkina Faso,BFA,2-Apr-20,5.363984674
Burkina Faso,BFA,3-Apr-20,5.555555556
Cambodia,KHM,28-Mar-20,0
Cambodia,KHM,29-Mar-20,0
Cambodia,KHM,30-Mar-20,0
Cambodia,KHM,31-Mar-20,0
Cambodia,KHM,1-Apr-20,0
Cambodia,KHM,2-Apr-20,0
Cambodia,KHM,3-Apr-20,0
Cameroon,CMR,31-Mar-20,1.408450704
Cameroon,CMR,1-Apr-20,3.10880829
Cameroon,CMR,2-Apr-20,2.575107296
Cameroon,CMR,3-Apr-20,2.58302583
Canada,CAN,12-Mar-20,0.970873786
Canada,CAN,13-Mar-20,0.724637681
Canada,CAN,14-Mar-20,0.568181818
Canada,CAN,15-Mar-20,0.409836066
Canada,CAN,16-Mar-20,0.328947368
Canada,CAN,17-Mar-20,0.943396226
Canada,CAN,18-Mar-20,1.405975395
Canada,CAN,19-Mar-20,1.304347826
Canada,CAN,20-Mar-20,1.182033097
Canada,CAN,21-Mar-20,1.235839341
Canada,CAN,22-Mar-20,1.05605199
Canada,CAN,23-Mar-20,1.258741259
Canada,CAN,24-Mar-20,1.458080194
Canada,CAN,25-Mar-20,1.378254211
Canada,CAN,26-Mar-20,1.033973412
Canada,CAN,27-Mar-20,0.970632155
Canada,CAN,28-Mar-20,1.130304969
Canada,CAN,29-Mar-20,1.113999257
Canada,CAN,30-Mar-20,0.975219824
Canada,CAN,31-Mar-20,1.198814655
Canada,CAN,1-Apr-20,1.124648547
Canada,CAN,2-Apr-20,1.136008338
Canada,CAN,3-Apr-20,1.224707135
Chile,CHL,17-Mar-20,0
Chile,CHL,18-Mar-20,0
Chile,CHL,19-Mar-20,0
Chile,CHL,20-Mar-20,0
Chile,CHL,21-Mar-20,0
Chile,CHL,22-Mar-20,0
Chile,CHL,23-Mar-20,0.158227848
Chile,CHL,24-Mar-20,0.268096515
Chile,CHL,25-Mar-20,0.21691974
Chile,CHL,26-Mar-20,0.262697023
Chile,CHL,27-Mar-20,0.306278714
Chile,CHL,28-Mar-20,0.310559006
Chile,CHL,29-Mar-20,0.314300681
Chile,CHL,30-Mar-20,0.327255727
Chile,CHL,31-Mar-20,0.326663944
Chile,CHL,1-Apr-20,0.438276114
Chile,CHL,2-Apr-20,0.527878588
Chile,CHL,3-Apr-20,0.528789659
China,CHN,19-Jan-20,1.388888889
China,CHN,20-Jan-20,1.276595745
China,CHN,21-Jan-20,1.554404145
China,CHN,22-Jan-20,3.231939163
China,CHN,23-Jan-20,2.728731942
China,CHN,24-Jan-20,2.947845805
China,CHN,25-Jan-20,3.099017385
China,CHN,26-Jan-20,2.816901408
China,CHN,27-Jan-20,2.918918919
China,CHN,28-Jan-20,2.340989399
China,CHN,29-Jan-20,2.202202202
China,CHN,30-Jan-20,2.198086372
China,CHN,31-Jan-20,2.19271155
China,CHN,1-Feb-20,2.193242442
China,CHN,2-Feb-20,2.111257726
China,CHN,3-Feb-20,2.097495788
China,CHN,4-Feb-20,2.083333333
China,CHN,5-Feb-20,2.023026316
China,CHN,6-Feb-20,2.010910258
China,CHN,7-Feb-20,2.041208703
China,CHN,8-Feb-20,2.088086643
China,CHN,9-Feb-20,2.180919639
China,CHN,10-Feb-20,2.260856589
China,CHN,11-Feb-20,2.381956155
China,CHN,12-Feb-20,2.490832663
China,CHN,13-Feb-20,2.285141569
China,CHN,14-Feb-20,2.1571047
China,CHN,15-Feb-20,2.289697862
China,CHN,16-Feb-20,2.429775691
China,CHN,17-Feb-20,2.507859186
China,CHN,18-Feb-20,2.577646605
China,CHN,19-Feb-20,2.704085755
China,CHN,20-Feb-20,2.839843541
China,CHN,21-Feb-20,2.96255113
China,CHN,22-Feb-20,3.073236523
China,CHN,23-Feb-20,3.174665005
China,CHN,24-Feb-20,3.359919207
China,CHN,25-Feb-20,3.427696819
China,CHN,26-Feb-20,3.476247137
China,CHN,27-Feb-20,3.493727576
China,CHN,28-Feb-20,3.534912007
China,CHN,29-Feb-20,3.575074034
China,CHN,1-Mar-20,3.593188955
China,CHN,2-Mar-20,3.636409015
China,CHN,3-Mar-20,3.670524912
China,CHN,4-Mar-20,3.71112217
China,CHN,5-Mar-20,3.744238916
China,CHN,6-Mar-20,3.773538126
China,CHN,7-Mar-20,3.803486529
China,CHN,8-Mar-20,3.834731606
China,CHN,9-Mar-20,3.861042061
China,CHN,10-Mar-20,3.881106344
China,CHN,11-Mar-20,3.90690661
China,CHN,12-Mar-20,3.919339693
China,CHN,13-Mar-20,3.926921462
China,CHN,14-Mar-20,3.944524718
China,CHN,15-Mar-20,3.954565097
China,CHN,16-Mar-20,3.969390274
China,CHN,17-Mar-20,3.97838718
China,CHN,18-Mar-20,3.996990849
China,CHN,19-Mar-20,4.004683841
China,CHN,20-Mar-20,4.004727376
China,CHN,21-Mar-20,4.009547127
China,CHN,22-Mar-20,4.013719175
China,CHN,23-Mar-20,4.017966717
China,CHN,24-Mar-20,4.023150589
China,CHN,25-Mar-20,4.02420649
China,CHN,26-Mar-20,4.026525394
China,CHN,27-Mar-20,4.028010314
China,CHN,28-Mar-20,4.025821883
China,CHN,29-Mar-20,4.026371269
China,CHN,30-Mar-20,4.024002824
China,CHN,31-Mar-20,4.02354057
China,CHN,1-Apr-20,4.02211556
China,CHN,2-Apr-20,4.024516051
China,CHN,3-Apr-20,4.033226217
Colombia,COL,19-Mar-20,0
Colombia,COL,20-Mar-20,0
Colombia,COL,21-Mar-20,0
Colombia,COL,22-Mar-20,0.476190476
Colombia,COL,23-Mar-20,0.85106383
Colombia,COL,24-Mar-20,0.980392157
Colombia,COL,25-Mar-20,0.793650794
Colombia,COL,26-Mar-20,0.85106383
Colombia,COL,27-Mar-20,1.221995927
Colombia,COL,28-Mar-20,1.113172542
Colombia,COL,29-Mar-20,0.986842105
Colombia,COL,30-Mar-20,1.424501425
Colombia,COL,31-Mar-20,1.754385965
Colombia,COL,1-Apr-20,1.766004415
Colombia,COL,2-Apr-20,1.596244131
Colombia,COL,3-Apr-20,1.636520241
Costa Rica,CRI,21-Mar-20,1.769911504
Costa Rica,CRI,22-Mar-20,1.709401709
Costa Rica,CRI,23-Mar-20,1.492537313
Costa Rica,CRI,24-Mar-20,1.265822785
Costa Rica,CRI,25-Mar-20,1.129943503
Costa Rica,CRI,26-Mar-20,0.995024876
Costa Rica,CRI,27-Mar-20,0.865800866
Costa Rica,CRI,28-Mar-20,0.760456274
Costa Rica,CRI,29-Mar-20,0.677966102
Costa Rica,CRI,30-Mar-20,0.636942675
Costa Rica,CRI,31-Mar-20,0.606060606
Costa Rica,CRI,1-Apr-20,0.576368876
Costa Rica,CRI,2-Apr-20,0.533333333
Costa Rica,CRI,3-Apr-20,0.505050505
Cote d'Ivoire,CIV,28-Mar-20,0
Cote d'Ivoire,CIV,29-Mar-20,0
Cote d'Ivoire,CIV,30-Mar-20,0.606060606
Cote d'Ivoire,CIV,31-Mar-20,0.595238095
Cote d'Ivoire,CIV,1-Apr-20,0.595238095
Cote d'Ivoire,CIV,2-Apr-20,0.526315789
Cote d'Ivoire,CIV,3-Apr-20,0.515463918
Croatia,HRV,20-Mar-20,0
Croatia,HRV,21-Mar-20,0
Croatia,HRV,22-Mar-20,0
Croatia,HRV,23-Mar-20,0
Croatia,HRV,24-Mar-20,0
Croatia,HRV,25-Mar-20,0.261780105
Croatia,HRV,26-Mar-20,0.23923445
Croatia,HRV,27-Mar-20,0.404040404
Croatia,HRV,28-Mar-20,0.511945392
Croatia,HRV,29-Mar-20,0.761035008
Croatia,HRV,30-Mar-20,0.841514727
Croatia,HRV,31-Mar-20,0.759493671
Croatia,HRV,1-Apr-20,0.692041522
Croatia,HRV,2-Apr-20,0.62305296
Croatia,HRV,3-Apr-20,0.692383778
Cuba,CUB,29-Mar-20,2.521008403
Cuba,CUB,30-Mar-20,2.158273381
Cuba,CUB,31-Mar-20,2.352941176
Cuba,CUB,1-Apr-20,3.225806452
Cuba,CUB,2-Apr-20,2.830188679
Cuba,CUB,3-Apr-20,2.575107296
Cyprus,CYP,24-Mar-20,0
Cyprus,CYP,25-Mar-20,2.419354839
Cyprus,CYP,26-Mar-20,2.272727273
Cyprus,CYP,27-Mar-20,2.054794521
Cyprus,CYP,28-Mar-20,3.086419753
Cyprus,CYP,29-Mar-20,2.793296089
Cyprus,CYP,30-Mar-20,2.803738318
Cyprus,CYP,31-Mar-20,3.043478261
Cyprus,CYP,1-Apr-20,3.053435115
Cyprus,CYP,2-Apr-20,2.8125
Cyprus,CYP,3-Apr-20,2.528089888
Czech Republic,CZE,13-Mar-20,0
Czech Republic,CZE,14-Mar-20,0
Czech Republic,CZE,15-Mar-20,0
Czech Republic,CZE,16-Mar-20,0
Czech Republic,CZE,17-Mar-20,0
Czech Republic,CZE,18-Mar-20,0
Czech Republic,CZE,19-Mar-20,0
Czech Republic,CZE,20-Mar-20,0
Czech Republic,CZE,21-Mar-20,0
Czech Republic,CZE,22-Mar-20,0
Czech Republic,CZE,23-Mar-20,0.08583691
Czech Republic,CZE,24-Mar-20,0.080906149
Czech Republic,CZE,25-Mar-20,0.215208034
Czech Republic,CZE,26-Mar-20,0.362756953
Czech Republic,CZE,27-Mar-20,0.436469447
Czech Republic,CZE,28-Mar-20,0.394910048
Czech Republic,CZE,29-Mar-20,0.413067968
Czech Republic,CZE,30-Mar-20,0.565570873
Czech Republic,CZE,31-Mar-20,0.799467022
Czech Republic,CZE,1-Apr-20,0.937122128
Czech Republic,CZE,2-Apr-20,1.086653664
Czech Republic,CZE,3-Apr-20,1.140487299
Democratic Republic of Congo,COD,2-Apr-20,8.943089431
Democratic Republic of Congo,COD,3-Apr-20,8.943089431
Denmark,DNK,10-Mar-20,0
Denmark,DNK,11-Mar-20,0
Denmark,DNK,12-Mar-20,0
Denmark,DNK,13-Mar-20,0
Denmark,DNK,14-Mar-20,0
Denmark,DNK,15-Mar-20,0
Denmark,DNK,16-Mar-20,0.114285714
Denmark,DNK,17-Mar-20,0.107296137
Denmark,DNK,18-Mar-20,0.390625
Denmark,DNK,19-Mar-20,0.358744395
Denmark,DNK,20-Mar-20,0.521285838
Denmark,DNK,21-Mar-20,0.717131474
Denmark,DNK,22-Mar-20,0.980392157
Denmark,DNK,23-Mar-20,0.931899642
Denmark,DNK,24-Mar-20,1.643835616
Denmark,DNK,25-Mar-20,2.011313639
Denmark,DNK,26-Mar-20,1.972157773
Denmark,DNK,27-Mar-20,2.184336708
Denmark,DNK,28-Mar-20,2.541544477
Denmark,DNK,29-Mar-20,2.95320309
Denmark,DNK,30-Mar-20,3.006263048
Denmark,DNK,31-Mar-20,2.987970508
Denmark,DNK,1-Apr-20,3.146853147
Denmark,DNK,2-Apr-20,3.347280335
Denmark,DNK,3-Apr-20,3.632604843
Dominican Republic,DOM,22-Mar-20,2.678571429
Dominican Republic,DOM,23-Mar-20,1.485148515
Dominican Republic,DOM,24-Mar-20,1.224489796
Dominican Republic,DOM,25-Mar-20,1.923076923
Dominican Republic,DOM,26-Mar-20,2.551020408
Dominican Republic,DOM,27-Mar-20,2.049180328
Dominican Republic,DOM,28-Mar-20,3.442340792
Dominican Republic,DOM,29-Mar-20,3.894297636
Dominican Republic,DOM,30-Mar-20,4.54016298
Dominican Republic,DOM,31-Mar-20,4.661487236
Dominican Republic,DOM,1-Apr-20,4.598737601
Dominican Republic,DOM,2-Apr-20,4.439252336
Dominican Republic,DOM,3-Apr-20,4.347826087
Ecuador,ECU,18-Mar-20,1.801801802
Ecuador,ECU,19-Mar-20,1.785714286
Ecuador,ECU,20-Mar-20,1.507537688
Ecuador,ECU,21-Mar-20,1.643192488
Ecuador,ECU,22-Mar-20,1.315789474
Ecuador,ECU,23-Mar-20,1.774397972
Ecuador,ECU,24-Mar-20,1.834862385
Ecuador,ECU,25-Mar-20,2.495378928
Ecuador,ECU,26-Mar-20,2.394715111
Ecuador,ECU,27-Mar-20,2.423378475
Ecuador,ECU,28-Mar-20,2.519975415
Ecuador,ECU,29-Mar-20,2.615803815
Ecuador,ECU,30-Mar-20,3.068783069
Ecuador,ECU,31-Mar-20,3.153611394
Ecuador,ECU,1-Apr-20,3.431798436
Ecuador,ECU,2-Apr-20,4.35097897
Ecuador,ECU,3-Apr-20,3.793866582
Egypt,EGY,16-Mar-20,1.818181818
Egypt,EGY,17-Mar-20,1.587301587
Egypt,EGY,18-Mar-20,2.409638554
Egypt,EGY,19-Mar-20,3.06122449
Egypt,EGY,20-Mar-20,2.857142857
Egypt,EGY,21-Mar-20,2.734375
Egypt,EGY,22-Mar-20,2.807017544
Egypt,EGY,23-Mar-20,3.401360544
Egypt,EGY,24-Mar-20,4.281345566
Egypt,EGY,25-Mar-20,5.191256831
Egypt,EGY,26-Mar-20,4.751131222
Egypt,EGY,27-Mar-20,4.605263158
Egypt,EGY,28-Mar-20,4.848484848
Egypt,EGY,29-Mar-20,5.597014925
Egypt,EGY,30-Mar-20,6.25
Egypt,EGY,31-Mar-20,6.568144499
Egypt,EGY,1-Apr-20,6.25
Egypt,EGY,2-Apr-20,6.478873239
Egypt,EGY,3-Apr-20,6.675224647
Estonia,EST,15-Mar-20,0
Estonia,EST,16-Mar-20,0
Estonia,EST,17-Mar-20,0
Estonia,EST,18-Mar-20,0
Estonia,EST,19-Mar-20,0
Estonia,EST,20-Mar-20,0
Estonia,EST,21-Mar-20,0
Estonia,EST,22-Mar-20,0
Estonia,EST,23-Mar-20,0
Estonia,EST,24-Mar-20,0
Estonia,EST,25-Mar-20,0
Estonia,EST,26-Mar-20,0.247524752
Estonia,EST,27-Mar-20,0.185873606
Estonia,EST,28-Mar-20,0.173913043
Estonia,EST,29-Mar-20,0.15625
Estonia,EST,30-Mar-20,0.441826215
Estonia,EST,31-Mar-20,0.41958042
Estonia,EST,1-Apr-20,0.536912752
Estonia,EST,2-Apr-20,0.641848524
Estonia,EST,3-Apr-20,1.282051282
Faeroe Islands,FRO,23-Mar-20,0
Faeroe Islands,FRO,24-Mar-20,0
Faeroe Islands,FRO,25-Mar-20,0
Faeroe Islands,FRO,26-Mar-20,0
Faeroe Islands,FRO,27-Mar-20,0
Faeroe Islands,FRO,28-Mar-20,0
Faeroe Islands,FRO,29-Mar-20,0
Faeroe Islands,FRO,30-Mar-20,0
Faeroe Islands,FRO,31-Mar-20,0
Faeroe Islands,FRO,1-Apr-20,0
Faeroe Islands,FRO,2-Apr-20,0
Faeroe Islands,FRO,3-Apr-20,0
Finland,FIN,13-Mar-20,0
Finland,FIN,15-Mar-20,0
Finland,FIN,16-Mar-20,0
Finland,FIN,17-Mar-20,0
Finland,FIN,18-Mar-20,0
Finland,FIN,19-Mar-20,0
Finland,FIN,20-Mar-20,0
Finland,FIN,21-Mar-20,0
Finland,FIN,22-Mar-20,0.19193858
Finland,FIN,23-Mar-20,0.159744409
Finland,FIN,24-Mar-20,0.142857143
Finland,FIN,25-Mar-20,0.126262626
Finland,FIN,26-Mar-20,0.340909091
Finland,FIN,27-Mar-20,0.417536534
Finland,FIN,28-Mar-20,0.682926829
Finland,FIN,29-Mar-20,0.738916256
Finland,FIN,30-Mar-20,0.903119869
Finland,FIN,31-Mar-20,0.99009901
Finland,FIN,1-Apr-20,1.228323699
Finland,FIN,2-Apr-20,1.175656985
Finland,FIN,3-Apr-20,1.251646904
France,FRA,1-Mar-20,2
France,FRA,2-Mar-20,1.538461538
France,FRA,3-Mar-20,1.685393258
France,FRA,4-Mar-20,1.886792453
France,FRA,5-Mar-20,1.403508772
France,FRA,6-Mar-20,1.654846336
France,FRA,7-Mar-20,1.468189233
France,FRA,8-Mar-20,1.396648045
France,FRA,9-Mar-20,1.687388988
France,FRA,10-Mar-20,2.124645892
France,FRA,11-Mar-20,1.849775785
France,FRA,12-Mar-20,2.104340202
France,FRA,13-Mar-20,2.121001391
France,FRA,14-Mar-20,2.157880361
France,FRA,15-Mar-20,2.022671705
France,FRA,16-Mar-20,2.34187719
France,FRA,17-Mar-20,2.231267903
France,FRA,18-Mar-20,2.263906856
France,FRA,19-Mar-20,2.671337859
France,FRA,20-Mar-20,3.383356071
France,FRA,21-Mar-20,3.568030447
France,FRA,22-Mar-20,3.886852479
France,FRA,23-Mar-20,4.207766263
France,FRA,24-Mar-20,4.331184529
France,FRA,25-Mar-20,4.932293068
France,FRA,26-Mar-20,5.274838505
France,FRA,27-Mar-20,5.817184016
France,FRA,28-Mar-20,6.052056789
France,FRA,29-Mar-20,6.158349967
France,FRA,30-Mar-20,6.486782496
France,FRA,31-Mar-20,6.787878788
France,FRA,1-Apr-20,6.758364027
France,FRA,2-Apr-20,7.075049571
France,FRA,3-Apr-20,7.618644785
Georgia,GEO,1-Apr-20,0
Georgia,GEO,2-Apr-20,0
Georgia,GEO,3-Apr-20,0
Germany,DEU,1-Mar-20,0
Germany,DEU,2-Mar-20,0
Germany,DEU,3-Mar-20,0
Germany,DEU,4-Mar-20,0
Germany,DEU,5-Mar-20,0
Germany,DEU,6-Mar-20,0
Germany,DEU,7-Mar-20,0
Germany,DEU,8-Mar-20,0
Germany,DEU,9-Mar-20,0
Germany,DEU,10-Mar-20,0.175592625
Germany,DEU,11-Mar-20,0.154320988
Germany,DEU,12-Mar-20,0.191448628
Germany,DEU,13-Mar-20,0.211059519
Germany,DEU,14-Mar-20,0.163291966
Germany,DEU,15-Mar-20,0.210803689
Germany,DEU,16-Mar-20,0.248036379
Germany,DEU,17-Mar-20,0.216234198
Germany,DEU,18-Mar-20,0.181665735
Germany,DEU,19-Mar-20,0.158575262
Germany,DEU,20-Mar-20,0.304144858
Germany,DEU,21-Mar-20,0.247429483
Germany,DEU,22-Mar-20,0.312165121
Germany,DEU,23-Mar-20,0.379430048
Germany,DEU,24-Mar-20,0.431329591
Germany,DEU,25-Mar-20,0.472206376
Germany,DEU,26-Mar-20,0.542346883
Germany,DEU,27-Mar-20,0.598278471
Germany,DEU,28-Mar-20,0.668972047
Germany,DEU,29-Mar-20,0.740289645
Germany,DEU,30-Mar-20,0.794094035
Germany,DEU,31-Mar-20,0.94164392
Germany,DEU,1-Apr-20,1.08660155
Germany,DEU,2-Apr-20,1.186039553
Germany,DEU,3-Apr-20,1.186039553
Ghana,GHA,27-Mar-20,2.272727273
Ghana,GHA,28-Mar-20,2.189781022
Ghana,GHA,29-Mar-20,3.546099291
Ghana,GHA,30-Mar-20,3.289473684
Ghana,GHA,31-Mar-20,3.289473684
Ghana,GHA,1-Apr-20,3.289473684
Ghana,GHA,2-Apr-20,2.564102564
Ghana,GHA,3-Apr-20,2.450980392
Greece,GRC,13-Mar-20,0.751879699
Greece,GRC,14-Mar-20,0.526315789
Greece,GRC,15-Mar-20,1.315789474
Greece,GRC,16-Mar-20,1.208459215
Greece,GRC,17-Mar-20,1.136363636
Greece,GRC,18-Mar-20,1.291989664
Greece,GRC,19-Mar-20,1.196172249
Greece,GRC,20-Mar-20,1.077586207
Greece,GRC,21-Mar-20,1.616161616
Greece,GRC,22-Mar-20,2.452830189
Greece,GRC,23-Mar-20,2.403846154
Greece,GRC,24-Mar-20,2.446043165
Greece,GRC,25-Mar-20,2.69179004
Greece,GRC,26-Mar-20,2.679658952
Greece,GRC,27-Mar-20,2.914798206
Greece,GRC,28-Mar-20,2.898550725
Greece,GRC,29-Mar-20,3.01602262
Greece,GRC,30-Mar-20,3.287197232
Greece,GRC,31-Mar-20,3.547854785
Greece,GRC,1-Apr-20,3.729071537
Greece,GRC,2-Apr-20,3.636363636
Greece,GRC,3-Apr-20,3.500660502
Honduras,HND,29-Mar-20,1.818181818
Honduras,HND,30-Mar-20,2.158273381
Honduras,HND,31-Mar-20,4.964539007
Honduras,HND,1-Apr-20,5.813953488
Honduras,HND,2-Apr-20,6.392694064
Honduras,HND,3-Apr-20,6.756756757
Hungary,HUN,21-Mar-20,3.883495146
Hungary,HUN,22-Mar-20,3.053435115
Hungary,HUN,23-Mar-20,4.191616766
Hungary,HUN,24-Mar-20,4.278074866
Hungary,HUN,25-Mar-20,4.424778761
Hungary,HUN,26-Mar-20,3.831417625
Hungary,HUN,27-Mar-20,3.333333333
Hungary,HUN,28-Mar-20,3.206997085
Hungary,HUN,29-Mar-20,3.18627451
Hungary,HUN,30-Mar-20,3.355704698
Hungary,HUN,31-Mar-20,3.355704698
Hungary,HUN,1-Apr-20,3.25203252
Hungary,HUN,2-Apr-20,3.80952381
Hungary,HUN,3-Apr-20,3.58974359
Iceland,ISL,13-Mar-20,0
Iceland,ISL,14-Mar-20,0
Iceland,ISL,15-Mar-20,0
Iceland,ISL,16-Mar-20,0
Iceland,ISL,17-Mar-20,0
Iceland,ISL,18-Mar-20,0
Iceland,ISL,19-Mar-20,0
Iceland,ISL,20-Mar-20,0.303030303
Iceland,ISL,21-Mar-20,0.244498778
Iceland,ISL,22-Mar-20,0.21141649
Iceland,ISL,23-Mar-20,0.176056338
Iceland,ISL,24-Mar-20,0.340136054
Iceland,ISL,25-Mar-20,0.308641975
Iceland,ISL,26-Mar-20,0.271370421
Iceland,ISL,27-Mar-20,0.249376559
Iceland,ISL,28-Mar-20,0.224719101
Iceland,ISL,29-Mar-20,0.20768432
Iceland,ISL,30-Mar-20,0.196078431
Iceland,ISL,31-Mar-20,0.184162063
Iceland,ISL,1-Apr-20,0.176211454
Iceland,ISL,2-Apr-20,0.163934426
Iceland,ISL,3-Apr-20,0.303260045
India,IND,17-Mar-20,2.4
India,IND,18-Mar-20,2.189781022
India,IND,19-Mar-20,1.818181818
India,IND,20-Mar-20,2.094240838
India,IND,21-Mar-20,1.731601732
India,IND,22-Mar-20,1.25
India,IND,23-Mar-20,1.59453303
India,IND,24-Mar-20,1.829268293
India,IND,25-Mar-20,1.601423488
India,IND,26-Mar-20,2.003081664
India,IND,27-Mar-20,2.348066298
India,IND,28-Mar-20,2.176403207
India,IND,29-Mar-20,2.553626149
India,IND,30-Mar-20,2.707749767
India,IND,31-Mar-20,2.557953637
India,IND,1-Apr-20,2.505368647
India,IND,2-Apr-20,2.544529262
India,IND,3-Apr-20,2.433724468
Indonesia,IDN,16-Mar-20,4.273504274
Indonesia,IDN,17-Mar-20,3.731343284
Indonesia,IDN,18-Mar-20,2.906976744
Indonesia,IDN,19-Mar-20,2.906976744
Indonesia,IDN,20-Mar-20,8.370044053
Indonesia,IDN,21-Mar-20,8.090614887
Indonesia,IDN,22-Mar-20,8.444444444
Indonesia,IDN,23-Mar-20,9.338521401
Indonesia,IDN,24-Mar-20,8.462867012
Indonesia,IDN,25-Mar-20,8.017492711
Indonesia,IDN,26-Mar-20,7.341772152
Indonesia,IDN,27-Mar-20,8.734602464
Indonesia,IDN,28-Mar-20,8.317399618
Indonesia,IDN,29-Mar-20,8.831168831
Indonesia,IDN,30-Mar-20,8.871595331
Indonesia,IDN,31-Mar-20,8.628005658
Indonesia,IDN,1-Apr-20,8.90052356
Indonesia,IDN,2-Apr-20,9.361955874
Indonesia,IDN,3-Apr-20,9.497206704
International,,11-Feb-20,0
International,,12-Feb-20,0
International,,13-Feb-20,0
International,,14-Feb-20,0
International,,15-Feb-20,0
International,,16-Feb-20,0
International,,17-Feb-20,0
International,,18-Feb-20,0
International,,19-Feb-20,0
International,,20-Feb-20,0.322061192
International,,21-Feb-20,0.315457413
International,,22-Feb-20,0.315457413
International,,23-Feb-20,0.315457413
International,,24-Feb-20,0.434153401
International,,25-Feb-20,0.434153401
International,,26-Feb-20,0.578871201
International,,27-Feb-20,0.567375887
International,,28-Feb-20,0.567375887
International,,29-Feb-20,0.85106383
International,,1-Mar-20,0.85106383
International,,2-Mar-20,0.85106383
International,,10-Mar-20,1.005747126
Iran,IRN,27-Feb-20,13.66906475
Iran,IRN,28-Feb-20,10.6122449
Iran,IRN,29-Feb-20,8.762886598
Iran,IRN,1-Mar-20,7.251264755
Iran,IRN,2-Mar-20,5.521472393
Iran,IRN,3-Mar-20,4.397068621
Iran,IRN,4-Mar-20,3.296232877
Iran,IRN,5-Mar-20,3.148528405
Iran,IRN,6-Mar-20,3.045829775
Iran,IRN,7-Mar-20,2.612176111
Iran,IRN,8-Mar-20,2.490125365
Iran,IRN,9-Mar-20,2.954614682
Iran,IRN,10-Mar-20,3.309593632
Iran,IRN,11-Mar-20,3.61850286
Iran,IRN,12-Mar-20,3.933333333
Iran,IRN,13-Mar-20,4.258064516
Iran,IRN,14-Mar-20,4.523055262
Iran,IRN,15-Mar-20,4.800062849
Iran,IRN,16-Mar-20,5.194432487
Iran,IRN,17-Mar-20,5.690080715
Iran,IRN,18-Mar-20,6.110458284
Iran,IRN,19-Mar-20,6.537641841
Iran,IRN,20-Mar-20,6.975607106
Iran,IRN,21-Mar-20,7.2948483
Iran,IRN,22-Mar-20,7.549733139
Iran,IRN,23-Mar-20,7.787226176
Iran,IRN,24-Mar-20,7.86151243
Iran,IRN,25-Mar-20,7.794929668
Iran,IRN,26-Mar-20,7.687752156
Iran,IRN,27-Mar-20,7.597089029
Iran,IRN,28-Mar-20,7.354942472
Iran,IRN,29-Mar-20,7.108563037
Iran,IRN,30-Mar-20,6.891331019
Iran,IRN,31-Mar-20,6.644173997
Iran,IRN,1-Apr-20,6.496883827
Iran,IRN,2-Apr-20,6.379089362
Iran,IRN,3-Apr-20,6.261393358
Iraq,IRQ,16-Mar-20,7.258064516
Iraq,IRQ,17-Mar-20,7.258064516
Iraq,IRQ,18-Mar-20,7.142857143
Iraq,IRQ,19-Mar-20,7.317073171
Iraq,IRQ,20-Mar-20,6.779661017
Iraq,IRQ,21-Mar-20,7.25388601
Iraq,IRQ,22-Mar-20,7.943925234
Iraq,IRQ,23-Mar-20,8.583690987
Iraq,IRQ,24-Mar-20,8.646616541
Iraq,IRQ,25-Mar-20,8.544303797
Iraq,IRQ,26-Mar-20,8.38150289
Iraq,IRQ,27-Mar-20,9.42408377
Iraq,IRQ,28-Mar-20,8.733624454
Iraq,IRQ,29-Mar-20,8.300395257
Iraq,IRQ,30-Mar-20,7.678244973
Iraq,IRQ,31-Mar-20,7.301587302
Iraq,IRQ,1-Apr-20,7.204610951
Iraq,IRQ,2-Apr-20,7.204610951
Iraq,IRQ,3-Apr-20,6.994818653
Ireland,IRL,15-Mar-20,1.550387597
Ireland,IRL,16-Mar-20,1.183431953
Ireland,IRL,17-Mar-20,0.896860987
Ireland,IRL,18-Mar-20,0.684931507
Ireland,IRL,19-Mar-20,0.546448087
Ireland,IRL,20-Mar-20,0.538599641
Ireland,IRL,21-Mar-20,0.439238653
Ireland,IRL,22-Mar-20,0.382165605
Ireland,IRL,23-Mar-20,0.441501104
Ireland,IRL,24-Mar-20,0.533333333
Ireland,IRL,25-Mar-20,0.526711813
Ireland,IRL,26-Mar-20,0.57544757
Ireland,IRL,27-Mar-20,1.044529962
Ireland,IRL,28-Mar-20,1.037246582
Ireland,IRL,29-Mar-20,1.49068323
Ireland,IRL,30-Mar-20,1.759082218
Ireland,IRL,31-Mar-20,1.855670103
Ireland,IRL,1-Apr-20,2.194744977
Ireland,IRL,2-Apr-20,2.465912388
Ireland,IRL,3-Apr-20,2.546115874
Israel,ISR,14-Mar-20,0
Israel,ISR,15-Mar-20,0
Israel,ISR,16-Mar-20,0
Israel,ISR,17-Mar-20,0
Israel,ISR,18-Mar-20,0
Israel,ISR,19-Mar-20,0
Israel,ISR,20-Mar-20,0
Israel,ISR,21-Mar-20,0.140449438
Israel,ISR,22-Mar-20,0.113250283
Israel,ISR,23-Mar-20,0.093370682
Israel,ISR,24-Mar-20,0.069348128
Israel,ISR,25-Mar-20,0.155440415
Israel,ISR,26-Mar-20,0.211059519
Israel,ISR,27-Mar-20,0.300075019
Israel,ISR,28-Mar-20,0.329489292
Israel,ISR,29-Mar-20,0.33158331
Israel,ISR,30-Mar-20,0.353190487
Israel,ISR,31-Mar-20,0.380058127
Israel,ISR,1-Apr-20,0.406834825
Israel,ISR,2-Apr-20,0.375603649
Israel,ISR,3-Apr-20,0.543825976
Italy,ITA,24-Feb-20,1.515151515
Italy,ITA,25-Feb-20,2.620087336
Italy,ITA,26-Feb-20,3.416149068
Italy,ITA,27-Feb-20,3
Italy,ITA,28-Feb-20,2.615384615
Italy,ITA,29-Feb-20,2.364864865
Italy,ITA,1-Mar-20,2.570921986
Italy,ITA,2-Mar-20,2.07223209
Italy,ITA,3-Mar-20,2.833787466
Italy,ITA,4-Mar-20,3.197442046
Italy,ITA,5-Mar-20,3.463904176
Italy,ITA,6-Mar-20,3.836184552
Italy,ITA,7-Mar-20,4.24935289
Italy,ITA,8-Mar-20,3.960564338
Italy,ITA,9-Mar-20,4.962711864
Italy,ITA,10-Mar-20,5.058874836
Italy,ITA,11-Mar-20,6.217361316
Italy,ITA,12-Mar-20,6.636173969
Italy,ITA,13-Mar-20,6.722689076
Italy,ITA,14-Mar-20,7.18006795
Italy,ITA,15-Mar-20,8.118309859
Italy,ITA,16-Mar-20,7.552126772
Italy,ITA,17-Mar-20,7.712651894
Italy,ITA,18-Mar-20,7.950866502
Italy,ITA,19-Mar-20,8.338700193
Italy,ITA,20-Mar-20,8.302668454
Italy,ITA,21-Mar-20,8.57489207
Italy,ITA,22-Mar-20,9.00929486
Italy,ITA,23-Mar-20,9.259697656
Italy,ITA,24-Mar-20,9.506155459
Italy,ITA,25-Mar-20,9.858910605
Italy,ITA,26-Mar-20,10.08926411
Italy,ITA,27-Mar-20,10.13794559
Italy,ITA,28-Mar-20,10.56209392
Italy,ITA,29-Mar-20,10.83895666
Italy,ITA,30-Mar-20,11.03604295
Italy,ITA,31-Mar-20,11.39287785
Italy,ITA,1-Apr-20,11.74947066
Italy,ITA,2-Apr-20,11.89881889
Italy,ITA,3-Apr-20,12.07632634
Japan,JPN,22-Feb-20,0.952380952
Japan,JPN,23-Feb-20,0.757575758
Japan,JPN,24-Feb-20,0.694444444
Japan,JPN,25-Feb-20,0.694444444
Japan,JPN,26-Feb-20,0.609756098
Japan,JPN,27-Feb-20,1.612903226
Japan,JPN,28-Feb-20,1.428571429
Japan,JPN,29-Feb-20,1.304347826
Japan,JPN,1-Mar-20,2.092050209
Japan,JPN,2-Mar-20,2.362204724
Japan,JPN,3-Mar-20,2.362204724
Japan,JPN,4-Mar-20,2.23880597
Japan,JPN,5-Mar-20,1.892744479
Japan,JPN,6-Mar-20,1.719197708
Japan,JPN,7-Mar-20,1.470588235
Japan,JPN,8-Mar-20,1.318681319
Japan,JPN,9-Mar-20,1.43442623
Japan,JPN,10-Mar-20,1.750972763
Japan,JPN,11-Mar-20,2.112676056
Japan,JPN,12-Mar-20,2.423263328
Japan,JPN,13-Mar-20,2.814814815
Japan,JPN,14-Mar-20,2.849389417
Japan,JPN,15-Mar-20,2.820512821
Japan,JPN,16-Mar-20,2.948402948
Japan,JPN,17-Mar-20,3.398058252
Japan,JPN,18-Mar-20,3.377563329
Japan,JPN,19-Mar-20,3.32187858
Japan,JPN,20-Mar-20,3.473684211
Japan,JPN,21-Mar-20,3.475670308
Japan,JPN,22-Mar-20,3.4416826
Japan,JPN,23-Mar-20,3.764921947
Japan,JPN,24-Mar-20,3.723404255
Japan,JPN,25-Mar-20,3.604358759
Japan,JPN,26-Mar-20,3.548895899
Japan,JPN,27-Mar-20,3.372434018
Japan,JPN,28-Mar-20,3.268845897
Japan,JPN,29-Mar-20,3.071470762
Japan,JPN,30-Mar-20,2.893890675
Japan,JPN,31-Mar-20,2.867383513
Japan,JPN,1-Apr-20,2.867383513
Japan,JPN,2-Apr-20,2.61707989
Japan,JPN,3-Apr-20,2.407336645
Jordan,JOR,24-Mar-20,0
Jordan,JOR,25-Mar-20,0
Jordan,JOR,26-Mar-20,0
Jordan,JOR,27-Mar-20,0
Jordan,JOR,28-Mar-20,0
Jordan,JOR,29-Mar-20,0.425531915
Jordan,JOR,30-Mar-20,0.386100386
Jordan,JOR,31-Mar-20,1.865671642
Jordan,JOR,1-Apr-20,1.824817518
Jordan,JOR,2-Apr-20,1.798561151
Jordan,JOR,3-Apr-20,1.672240803
Kazakhstan,KAZ,27-Mar-20,0
Kazakhstan,KAZ,28-Mar-20,0
Kazakhstan,KAZ,29-Mar-20,0
Kazakhstan,KAZ,30-Mar-20,0.352112676
Kazakhstan,KAZ,31-Mar-20,0.307692308
Kazakhstan,KAZ,1-Apr-20,0.294117647
Kazakhstan,KAZ,2-Apr-20,0.574712644
Kazakhstan,KAZ,3-Apr-20,0.777202073
Kenya,KEN,3-Apr-20,2.727272727
Kosovo,OWID_KOS,31-Mar-20,0.943396226
Kosovo,OWID_KOS,1-Apr-20,0.892857143
Kosovo,OWID_KOS,2-Apr-20,0.892857143
Kosovo,OWID_KOS,3-Apr-20,0.8
Kuwait,KWT,14-Mar-20,0
Kuwait,KWT,15-Mar-20,0
Kuwait,KWT,16-Mar-20,0
Kuwait,KWT,17-Mar-20,0
Kuwait,KWT,18-Mar-20,0
Kuwait,KWT,19-Mar-20,0
Kuwait,KWT,20-Mar-20,0
Kuwait,KWT,21-Mar-20,0
Kuwait,KWT,22-Mar-20,0
Kuwait,KWT,23-Mar-20,0
Kuwait,KWT,24-Mar-20,0
Kuwait,KWT,25-Mar-20,0
Kuwait,KWT,26-Mar-20,0
Kuwait,KWT,27-Mar-20,0
Kuwait,KWT,28-Mar-20,0
Kuwait,KWT,29-Mar-20,0
Kuwait,KWT,30-Mar-20,0
Kuwait,KWT,31-Mar-20,0
Kuwait,KWT,1-Apr-20,0
Kuwait,KWT,2-Apr-20,0
Kuwait,KWT,3-Apr-20,0
Kyrgyzstan,KGZ,1-Apr-20,0
Kyrgyzstan,KGZ,2-Apr-20,0.892857143
Kyrgyzstan,KGZ,3-Apr-20,0.8
Latvia,LVA,21-Mar-20,0
Latvia,LVA,22-Mar-20,0
Latvia,LVA,23-Mar-20,0
Latvia,LVA,24-Mar-20,0
Latvia,LVA,25-Mar-20,0
Latvia,LVA,26-Mar-20,0
Latvia,LVA,27-Mar-20,0
Latvia,LVA,28-Mar-20,0
Latvia,LVA,29-Mar-20,0
Latvia,LVA,30-Mar-20,0
Latvia,LVA,31-Mar-20,0
Latvia,LVA,1-Apr-20,0
Latvia,LVA,2-Apr-20,0
Latvia,LVA,3-Apr-20,0
Lebanon,LBN,17-Mar-20,2.5
Lebanon,LBN,18-Mar-20,2.5
Lebanon,LBN,19-Mar-20,3.007518797
Lebanon,LBN,20-Mar-20,2.684563758
Lebanon,LBN,21-Mar-20,2.45398773
Lebanon,LBN,22-Mar-20,1.739130435
Lebanon,LBN,23-Mar-20,1.612903226
Lebanon,LBN,24-Mar-20,1.498127341
Lebanon,LBN,25-Mar-20,1.315789474
Lebanon,LBN,26-Mar-20,1.201201201
Lebanon,LBN,27-Mar-20,1.630434783
Lebanon,LBN,28-Mar-20,1.79028133
Lebanon,LBN,29-Mar-20,1.941747573
Lebanon,LBN,30-Mar-20,2.283105023
Lebanon,LBN,31-Mar-20,2.466367713
Lebanon,LBN,1-Apr-20,2.591792657
Lebanon,LBN,2-Apr-20,2.505219207
Lebanon,LBN,3-Apr-20,3.238866397
Lithuania,LTU,22-Mar-20,0.952380952
Lithuania,LTU,23-Mar-20,0.699300699
Lithuania,LTU,24-Mar-20,0.558659218
Lithuania,LTU,25-Mar-20,0.956937799
Lithuania,LTU,26-Mar-20,1.459854015
Lithuania,LTU,27-Mar-20,1.337792642
Lithuania,LTU,28-Mar-20,1.396648045
Lithuania,LTU,29-Mar-20,1.776649746
Lithuania,LTU,30-Mar-20,1.446280992
Lithuania,LTU,31-Mar-20,1.446280992
Lithuania,LTU,1-Apr-20,1.313320826
Lithuania,LTU,2-Apr-20,1.376936317
Lithuania,LTU,3-Apr-20,1.386748844
Luxembourg,LUX,18-Mar-20,0.714285714
Luxembourg,LUX,19-Mar-20,0.952380952
Luxembourg,LUX,20-Mar-20,1.15942029
Luxembourg,LUX,21-Mar-20,1.033057851
Luxembourg,LUX,22-Mar-20,1.194029851
Luxembourg,LUX,23-Mar-20,1.002506266
Luxembourg,LUX,24-Mar-20,0.914285714
Luxembourg,LUX,25-Mar-20,0.727934486
Luxembourg,LUX,26-Mar-20,0.600150038
Luxembourg,LUX,27-Mar-20,0.619408121
Luxembourg,LUX,28-Mar-20,0.934579439
Luxembourg,LUX,29-Mar-20,0.983069361
Luxembourg,LUX,30-Mar-20,1.076923077
Luxembourg,LUX,31-Mar-20,1.106639839
Luxembourg,LUX,1-Apr-20,1.056014692
Luxembourg,LUX,2-Apr-20,1.250539025
Luxembourg,LUX,3-Apr-20,1.206272618
Macedonia,MKD,23-Mar-20,0.877192982
Macedonia,MKD,24-Mar-20,1.470588235
Macedonia,MKD,25-Mar-20,1.351351351
Macedonia,MKD,26-Mar-20,1.129943503
Macedonia,MKD,27-Mar-20,1.492537313
Macedonia,MKD,28-Mar-20,1.369863014
Macedonia,MKD,29-Mar-20,1.659751037
Macedonia,MKD,30-Mar-20,2.316602317
Macedonia,MKD,31-Mar-20,2.456140351
Macedonia,MKD,1-Apr-20,2.73556231
Macedonia,MKD,2-Apr-20,2.824858757
Macedonia,MKD,3-Apr-20,3.107344633
Malaysia,MYS,10-Mar-20,0
Malaysia,MYS,11-Mar-20,0
Malaysia,MYS,12-Mar-20,0
Malaysia,MYS,13-Mar-20,0
Malaysia,MYS,14-Mar-20,0
Malaysia,MYS,15-Mar-20,0
Malaysia,MYS,16-Mar-20,0
Malaysia,MYS,17-Mar-20,0
Malaysia,MYS,18-Mar-20,0.29717682
Malaysia,MYS,19-Mar-20,0.253164557
Malaysia,MYS,20-Mar-20,0.222222222
Malaysia,MYS,21-Mar-20,0.194174757
Malaysia,MYS,22-Mar-20,0.338123415
Malaysia,MYS,23-Mar-20,0.765696784
Malaysia,MYS,24-Mar-20,0.92226614
Malaysia,MYS,25-Mar-20,0.92364532
Malaysia,MYS,26-Mar-20,1.057906459
Malaysia,MYS,27-Mar-20,1.13244707
Malaysia,MYS,28-Mar-20,1.203146691
Malaysia,MYS,29-Mar-20,1.163793103
Malaysia,MYS,30-Mar-20,1.376518219
Malaysia,MYS,31-Mar-20,1.408987053
Malaysia,MYS,1-Apr-20,1.408987053
Malaysia,MYS,2-Apr-20,1.547455296
Malaysia,MYS,3-Apr-20,1.604621309
Malta,MLT,24-Mar-20,0
Malta,MLT,25-Mar-20,0
Malta,MLT,26-Mar-20,0
Malta,MLT,27-Mar-20,0
Malta,MLT,28-Mar-20,0
Malta,MLT,29-Mar-20,0
Malta,MLT,30-Mar-20,0
Malta,MLT,31-Mar-20,0
Malta,MLT,1-Apr-20,0
Malta,MLT,2-Apr-20,0
Malta,MLT,3-Apr-20,0
Mauritius,MUS,29-Mar-20,1.960784314
Mauritius,MUS,30-Mar-20,2.727272727
Mauritius,MUS,31-Mar-20,2.34375
Mauritius,MUS,1-Apr-20,2.097902098
Mauritius,MUS,2-Apr-20,3.246753247
Mauritius,MUS,3-Apr-20,4.142011834
Mexico,MEX,19-Mar-20,0
Mexico,MEX,20-Mar-20,0
Mexico,MEX,21-Mar-20,0.985221675
Mexico,MEX,22-Mar-20,0.796812749
Mexico,MEX,23-Mar-20,0.632911392
Mexico,MEX,24-Mar-20,1.089918256
Mexico,MEX,25-Mar-20,1.234567901
Mexico,MEX,26-Mar-20,1.052631579
Mexico,MEX,27-Mar-20,1.367521368
Mexico,MEX,28-Mar-20,1.673640167
Mexico,MEX,29-Mar-20,1.886792453
Mexico,MEX,30-Mar-20,2.014098691
Mexico,MEX,31-Mar-20,2.559414991
Mexico,MEX,1-Apr-20,2.386831276
Mexico,MEX,2-Apr-20,2.685050798
Mexico,MEX,3-Apr-20,2.685050798
Moldova,MDA,24-Mar-20,0.917431193
Moldova,MDA,25-Mar-20,0.8
Moldova,MDA,26-Mar-20,0.67114094
Moldova,MDA,27-Mar-20,0.564971751
Moldova,MDA,28-Mar-20,1.005025126
Moldova,MDA,29-Mar-20,0.865800866
Moldova,MDA,30-Mar-20,0.760456274
Moldova,MDA,31-Mar-20,0.67114094
Moldova,MDA,1-Apr-20,1.133144476
Moldova,MDA,2-Apr-20,1.182033097
Moldova,MDA,3-Apr-20,1.188118812
Montenegro,MNE,1-Apr-20,0.917431193
Montenegro,MNE,2-Apr-20,0.81300813
Montenegro,MNE,3-Apr-20,1.388888889
Morocco,MAR,23-Mar-20,3.47826087
Morocco,MAR,24-Mar-20,2.985074627
Morocco,MAR,25-Mar-20,2.941176471
Morocco,MAR,26-Mar-20,2.666666667
Morocco,MAR,27-Mar-20,3.636363636
Morocco,MAR,28-Mar-20,6.666666667
Morocco,MAR,29-Mar-20,6.424581006
Morocco,MAR,30-Mar-20,5.427974948
Morocco,MAR,31-Mar-20,5.935251799
Morocco,MAR,1-Apr-20,5.834683955
Morocco,MAR,2-Apr-20,5.963302752
Morocco,MAR,3-Apr-20,6.214689266
Netherlands,NLD,7-Mar-20,0.78125
Netherlands,NLD,8-Mar-20,0.531914894
Netherlands,NLD,9-Mar-20,1.132075472
Netherlands,NLD,10-Mar-20,0.934579439
Netherlands,NLD,11-Mar-20,1.047120419
Netherlands,NLD,12-Mar-20,0.994035785
Netherlands,NLD,13-Mar-20,0.814332248
Netherlands,NLD,14-Mar-20,0.621890547
Netherlands,NLD,15-Mar-20,1.251303441
Netherlands,NLD,16-Mar-20,1.762114537
Netherlands,NLD,17-Mar-20,1.6985138
Netherlands,NLD,18-Mar-20,2.521994135
Netherlands,NLD,19-Mar-20,2.827888835
Netherlands,NLD,20-Mar-20,3.089430894
Netherlands,NLD,21-Mar-20,3.540414162
Netherlands,NLD,22-Mar-20,3.745524649
Netherlands,NLD,23-Mar-20,4.257849667
Netherlands,NLD,24-Mar-20,4.485154769
Netherlands,NLD,25-Mar-20,4.964028777
Netherlands,NLD,26-Mar-20,5.552089832
Netherlands,NLD,27-Mar-20,5.840398331
Netherlands,NLD,28-Mar-20,6.346623271
Netherlands,NLD,29-Mar-20,6.545789797
Netherlands,NLD,30-Mar-20,7.095527333
Netherlands,NLD,31-Mar-20,7.353191489
Netherlands,NLD,1-Apr-20,8.24930528
Netherlands,NLD,2-Apr-20,8.616130454
Netherlands,NLD,3-Apr-20,9.110702865
New Zealand,NZL,23-Mar-20,0
New Zealand,NZL,24-Mar-20,0
New Zealand,NZL,25-Mar-20,0
New Zealand,NZL,26-Mar-20,0
New Zealand,NZL,27-Mar-20,0
New Zealand,NZL,28-Mar-20,0
New Zealand,NZL,29-Mar-20,0.210084034
New Zealand,NZL,30-Mar-20,0.18115942
New Zealand,NZL,31-Mar-20,0.154559505
New Zealand,NZL,1-Apr-20,0.154559505
New Zealand,NZL,2-Apr-20,0.138312586
New Zealand,NZL,3-Apr-20,0.129533679
Nigeria,NGA,31-Mar-20,1.526717557
Nigeria,NGA,1-Apr-20,1.526717557
Nigeria,NGA,2-Apr-20,1.324503311
Nigeria,NGA,3-Apr-20,1.149425287
Norway,NOR,7-Mar-20,0
Norway,NOR,8-Mar-20,0
Norway,NOR,9-Mar-20,0
Norway,NOR,10-Mar-20,0
Norway,NOR,11-Mar-20,0
Norway,NOR,12-Mar-20,0
Norway,NOR,13-Mar-20,0.161030596
Norway,NOR,14-Mar-20,0.161030596
Norway,NOR,15-Mar-20,0.110253583
Norway,NOR,16-Mar-20,0.092850511
Norway,NOR,17-Mar-20,0.256629598
Norway,NOR,18-Mar-20,0.229357798
Norway,NOR,19-Mar-20,0.210822207
Norway,NOR,20-Mar-20,0.386597938
Norway,NOR,21-Mar-20,0.401836969
Norway,NOR,22-Mar-20,0.36344756
Norway,NOR,23-Mar-20,0.328330206
Norway,NOR,24-Mar-20,0.337410375
Norway,NOR,25-Mar-20,0.389711613
Norway,NOR,26-Mar-20,0.411522634
Norway,NOR,27-Mar-20,0.443599493
Norway,NOR,28-Mar-20,0.446802569
Norway,NOR,29-Mar-20,0.520156047
Norway,NOR,30-Mar-20,0.536323745
Norway,NOR,31-Mar-20,0.615238997
Norway,NOR,1-Apr-20,0.629637958
Norway,NOR,2-Apr-20,0.685959271
Norway,NOR,3-Apr-20,0.85106383
Oman,OMN,27-Mar-20,0
Oman,OMN,28-Mar-20,0
Oman,OMN,29-Mar-20,0
Oman,OMN,30-Mar-20,0
Oman,OMN,31-Mar-20,0
Oman,OMN,1-Apr-20,0.520833333
Oman,OMN,2-Apr-20,0.476190476
Oman,OMN,3-Apr-20,0.432900433
Pakistan,PAK,17-Mar-20,0
Pakistan,PAK,18-Mar-20,0
Pakistan,PAK,19-Mar-20,0
Pakistan,PAK,20-Mar-20,0.418410042
Pakistan,PAK,21-Mar-20,0.606060606
Pakistan,PAK,22-Mar-20,0.464396285
Pakistan,PAK,23-Mar-20,0.637755102
Pakistan,PAK,24-Mar-20,0.67643743
Pakistan,PAK,25-Mar-20,0.706357215
Pakistan,PAK,26-Mar-20,0.756859035
Pakistan,PAK,27-Mar-20,0.751879699
Pakistan,PAK,28-Mar-20,0.751879699
Pakistan,PAK,29-Mar-20,0.78125
Pakistan,PAK,30-Mar-20,0.851900393
Pakistan,PAK,31-Mar-20,1.107692308
Pakistan,PAK,1-Apr-20,1.27513487
Pakistan,PAK,2-Apr-20,1.353120908
Pakistan,PAK,3-Apr-20,1.353120908
Palestine,PSE,30-Mar-20,0.943396226
Palestine,PSE,31-Mar-20,0.869565217
Palestine,PSE,1-Apr-20,0.854700855
Palestine,PSE,2-Apr-20,0.746268657
Palestine,PSE,3-Apr-20,0.64516129
Panama,PAN,19-Mar-20,0.917431193
Panama,PAN,20-Mar-20,0.729927007
Panama,PAN,21-Mar-20,0.5
Panama,PAN,22-Mar-20,1.224489796
Panama,PAN,23-Mar-20,0.958466454
Panama,PAN,24-Mar-20,1.739130435
Panama,PAN,25-Mar-20,1.354401806
Panama,PAN,26-Mar-20,1.020408163
Panama,PAN,27-Mar-20,1.335311573
Panama,PAN,28-Mar-20,1.781170483
Panama,PAN,29-Mar-20,1.886792453
Panama,PAN,30-Mar-20,2.42669363
Panama,PAN,31-Mar-20,2.418604651
Panama,PAN,1-Apr-20,2.540220152
Panama,PAN,2-Apr-20,2.429764617
Panama,PAN,3-Apr-20,2.508474576
Peru,PER,18-Mar-20,0
Peru,PER,19-Mar-20,0
Peru,PER,20-Mar-20,0.854700855
Peru,PER,21-Mar-20,1.140684411
Peru,PER,22-Mar-20,1.572327044
Peru,PER,23-Mar-20,1.377410468
Peru,PER,24-Mar-20,1.265822785
Peru,PER,25-Mar-20,1.682692308
Peru,PER,26-Mar-20,1.433691756
Peru,PER,27-Mar-20,1.551724138
Peru,PER,28-Mar-20,1.732283465
Peru,PER,29-Mar-20,2.384500745
Peru,PER,30-Mar-20,2.112676056
Peru,PER,31-Mar-20,2.526315789
Peru,PER,1-Apr-20,2.816901408
Peru,PER,2-Apr-20,3.552532124
Peru,PER,3-Apr-20,3.889674682
Philippines,PHL,15-Mar-20,5.405405405
Philippines,PHL,16-Mar-20,8.571428571
Philippines,PHL,17-Mar-20,8.450704225
Philippines,PHL,18-Mar-20,7.486631016
Philippines,PHL,19-Mar-20,8.415841584
Philippines,PHL,20-Mar-20,7.826086957
Philippines,PHL,21-Mar-20,7.826086957
Philippines,PHL,22-Mar-20,6.578947368
Philippines,PHL,23-Mar-20,6.578947368
Philippines,PHL,24-Mar-20,7.142857143
Philippines,PHL,25-Mar-20,6.34057971
Philippines,PHL,26-Mar-20,5.974842767
Philippines,PHL,27-Mar-20,6.364922207
Philippines,PHL,28-Mar-20,6.724782067
Philippines,PHL,29-Mar-20,6.325581395
Philippines,PHL,30-Mar-20,5.007052186
Philippines,PHL,31-Mar-20,4.222648752
Philippines,PHL,1-Apr-20,4.222648752
Philippines,PHL,2-Apr-20,4.154045868
Philippines,PHL,3-Apr-20,4.063805545
Poland,POL,15-Mar-20,2.884615385
Poland,POL,16-Mar-20,2.4
Poland,POL,17-Mar-20,2.259887006
Poland,POL,18-Mar-20,2.100840336
Poland,POL,19-Mar-20,1.742160279
Poland,POL,20-Mar-20,1.408450704
Poland,POL,21-Mar-20,1.176470588
Poland,POL,22-Mar-20,0.932835821
Poland,POL,23-Mar-20,1.104100946
Poland,POL,24-Mar-20,1.068090788
Poland,POL,25-Mar-20,1.109877913
Poland,POL,26-Mar-20,1.3320647
Poland,POL,27-Mar-20,1.31040131
Poland,POL,28-Mar-20,1.151907847
Poland,POL,29-Mar-20,1.098901099
Poland,POL,30-Mar-20,1.181525242
Poland,POL,31-Mar-20,1.508515815
Poland,POL,1-Apr-20,1.427953267
Poland,POL,2-Apr-20,1.683633516
Poland,POL,3-Apr-20,1.934826884
Portugal,PRT,14-Mar-20,0
Portugal,PRT,15-Mar-20,0
Portugal,PRT,16-Mar-20,0
Portugal,PRT,17-Mar-20,0
Portugal,PRT,18-Mar-20,0.223214286
Portugal,PRT,19-Mar-20,0.31152648
Portugal,PRT,20-Mar-20,0.382165605
Portugal,PRT,21-Mar-20,0.588235294
Portugal,PRT,22-Mar-20,0.9375
Portugal,PRT,23-Mar-20,0.875
Portugal,PRT,24-Mar-20,1.116504854
Portugal,PRT,25-Mar-20,1.397121084
Portugal,PRT,26-Mar-20,1.43572621
Portugal,PRT,27-Mar-20,1.693002257
Portugal,PRT,28-Mar-20,1.780693533
Portugal,PRT,29-Mar-20,1.934235977
Portugal,PRT,30-Mar-20,1.995974505
Portugal,PRT,31-Mar-20,2.184769039
Portugal,PRT,1-Apr-20,2.149670832
Portugal,PRT,2-Apr-20,2.266391952
Portugal,PRT,3-Apr-20,2.3134824
Puerto Rico,PRI,29-Mar-20,3
Puerto Rico,PRI,30-Mar-20,3.937007874
Puerto Rico,PRI,31-Mar-20,3.448275862
Puerto Rico,PRI,1-Apr-20,3.347280335
Puerto Rico,PRI,2-Apr-20,3.846153846
Puerto Rico,PRI,3-Apr-20,3.797468354
Qatar,QAT,12-Mar-20,0
Qatar,QAT,14-Mar-20,0
Qatar,QAT,15-Mar-20,0
Qatar,QAT,16-Mar-20,0
Qatar,QAT,17-Mar-20,0
Qatar,QAT,18-Mar-20,0
Qatar,QAT,19-Mar-20,0
Qatar,QAT,20-Mar-20,0
Qatar,QAT,21-Mar-20,0
Qatar,QAT,22-Mar-20,0
Qatar,QAT,23-Mar-20,0
Qatar,QAT,24-Mar-20,0
Qatar,QAT,25-Mar-20,0
Qatar,QAT,26-Mar-20,0
Qatar,QAT,27-Mar-20,0
Qatar,QAT,28-Mar-20,0
Qatar,QAT,29-Mar-20,0.169491525
Qatar,QAT,30-Mar-20,0.157728707
Qatar,QAT,31-Mar-20,0.144300144
Qatar,QAT,1-Apr-20,0.256081946
Qatar,QAT,2-Apr-20,0.239520958
Qatar,QAT,3-Apr-20,0.316122234
Romania,ROU,15-Mar-20,0
Romania,ROU,16-Mar-20,0
Romania,ROU,17-Mar-20,0
Romania,ROU,18-Mar-20,0
Romania,ROU,19-Mar-20,0
Romania,ROU,20-Mar-20,0
Romania,ROU,21-Mar-20,0
Romania,ROU,22-Mar-20,0
Romania,ROU,23-Mar-20,0.461893764
Romania,ROU,24-Mar-20,1.215277778
Romania,ROU,25-Mar-20,1.443569554
Romania,ROU,26-Mar-20,1.434878587
Romania,ROU,27-Mar-20,1.652089407
Romania,ROU,28-Mar-20,1.857585139
Romania,ROU,29-Mar-20,1.997245179
Romania,ROU,30-Mar-20,2.272727273
Romania,ROU,31-Mar-20,2.254098361
Romania,ROU,1-Apr-20,3.073496659
Romania,ROU,2-Apr-20,3.455284553
Romania,ROU,3-Apr-20,3.433162893
Russia,RUS,18-Mar-20,0
Russia,RUS,19-Mar-20,0
Russia,RUS,20-Mar-20,0
Russia,RUS,21-Mar-20,0
Russia,RUS,22-Mar-20,0
Russia,RUS,23-Mar-20,0
Russia,RUS,24-Mar-20,0
Russia,RUS,25-Mar-20,0
Russia,RUS,26-Mar-20,0
Russia,RUS,27-Mar-20,0.238095238
Russia,RUS,28-Mar-20,0.386100386
Russia,RUS,29-Mar-20,0.39556962
Russia,RUS,30-Mar-20,0.521512386
Russia,RUS,31-Mar-20,0.544662309
Russia,RUS,1-Apr-20,0.727428327
Russia,RUS,2-Apr-20,0.864241988
Russia,RUS,3-Apr-20,0.845546787
San Marino,SMR,17-Mar-20,8.823529412
San Marino,SMR,18-Mar-20,10.57692308
San Marino,SMR,19-Mar-20,12.8440367
San Marino,SMR,20-Mar-20,11.11111111
San Marino,SMR,21-Mar-20,9.271523179
San Marino,SMR,22-Mar-20,13.24503311
San Marino,SMR,23-Mar-20,13.24503311
San Marino,SMR,24-Mar-20,10.69518717
San Marino,SMR,25-Mar-20,11.22994652
San Marino,SMR,26-Mar-20,10.09615385
San Marino,SMR,27-Mar-20,9.633027523
San Marino,SMR,28-Mar-20,9.417040359
San Marino,SMR,29-Mar-20,9.821428571
San Marino,SMR,30-Mar-20,10.48034934
San Marino,SMR,31-Mar-20,10.91703057
San Marino,SMR,1-Apr-20,11.30434783
San Marino,SMR,2-Apr-20,11.01694915
San Marino,SMR,3-Apr-20,12.24489796
Saudi Arabia,SAU,16-Mar-20,0
Saudi Arabia,SAU,17-Mar-20,0
Saudi Arabia,SAU,18-Mar-20,0
Saudi Arabia,SAU,19-Mar-20,0
Saudi Arabia,SAU,20-Mar-20,0
Saudi Arabia,SAU,21-Mar-20,0
Saudi Arabia,SAU,22-Mar-20,0
Saudi Arabia,SAU,23-Mar-20,0
Saudi Arabia,SAU,24-Mar-20,0
Saudi Arabia,SAU,25-Mar-20,0.130378096
Saudi Arabia,SAU,26-Mar-20,0.222222222
Saudi Arabia,SAU,27-Mar-20,0.296442688
Saudi Arabia,SAU,28-Mar-20,0.27173913
Saudi Arabia,SAU,29-Mar-20,0.332502078
Saudi Arabia,SAU,30-Mar-20,0.65093572
Saudi Arabia,SAU,31-Mar-20,0.550584997
Saudi Arabia,SAU,1-Apr-20,0.639795266
Saudi Arabia,SAU,2-Apr-20,0.930232558
Saudi Arabia,SAU,3-Apr-20,1.114058355
Senegal,SEN,27-Mar-20,0
Senegal,SEN,28-Mar-20,0
Senegal,SEN,29-Mar-20,0
Senegal,SEN,30-Mar-20,0
Senegal,SEN,31-Mar-20,0
Senegal,SEN,1-Apr-20,0
Senegal,SEN,2-Apr-20,0.526315789
Senegal,SEN,3-Apr-20,0.512820513
Serbia,SRB,20-Mar-20,0
Serbia,SRB,21-Mar-20,0.740740741
Serbia,SRB,22-Mar-20,0.67114094
Serbia,SRB,23-Mar-20,0.531914894
Serbia,SRB,24-Mar-20,0.45045045
Serbia,SRB,25-Mar-20,0.401606426
Serbia,SRB,26-Mar-20,0.660066007
Serbia,SRB,27-Mar-20,0.78125
Serbia,SRB,28-Mar-20,1.312910284
Serbia,SRB,29-Mar-20,1.517450683
Serbia,SRB,30-Mar-20,1.754385965
Serbia,SRB,31-Mar-20,1.754385965
Serbia,SRB,1-Apr-20,2.555555556
Serbia,SRB,2-Apr-20,2.169811321
Serbia,SRB,3-Apr-20,2.647309991
Singapore,SGP,1-Mar-20,0
Singapore,SGP,2-Mar-20,0
Singapore,SGP,3-Mar-20,0
Singapore,SGP,4-Mar-20,0
Singapore,SGP,5-Mar-20,0
Singapore,SGP,6-Mar-20,0
Singapore,SGP,7-Mar-20,0
Singapore,SGP,8-Mar-20,0
Singapore,SGP,9-Mar-20,0
Singapore,SGP,10-Mar-20,0
Singapore,SGP,11-Mar-20,0
Singapore,SGP,12-Mar-20,0
Singapore,SGP,13-Mar-20,0
Singapore,SGP,14-Mar-20,0
Singapore,SGP,15-Mar-20,0
Singapore,SGP,16-Mar-20,0
Singapore,SGP,17-Mar-20,0
Singapore,SGP,18-Mar-20,0
Singapore,SGP,19-Mar-20,0
Singapore,SGP,20-Mar-20,0
Singapore,SGP,21-Mar-20,0
Singapore,SGP,22-Mar-20,0.462962963
Singapore,SGP,23-Mar-20,0.43956044
Singapore,SGP,24-Mar-20,0.392927308
Singapore,SGP,25-Mar-20,0.358422939
Singapore,SGP,26-Mar-20,0.352112676
Singapore,SGP,27-Mar-20,0.336700337
Singapore,SGP,28-Mar-20,0.273224044
Singapore,SGP,29-Mar-20,0.373599004
Singapore,SGP,30-Mar-20,0.355450237
Singapore,SGP,31-Mar-20,0.355450237
Singapore,SGP,1-Apr-20,0.341296928
Singapore,SGP,2-Apr-20,0.4
Singapore,SGP,3-Apr-20,0.476644423
Slovakia,SVK,19-Mar-20,0
Slovakia,SVK,20-Mar-20,0
Slovakia,SVK,21-Mar-20,0
Slovakia,SVK,22-Mar-20,0
Slovakia,SVK,23-Mar-20,0
Slovakia,SVK,24-Mar-20,0
Slovakia,SVK,25-Mar-20,0
Slovakia,SVK,26-Mar-20,0
Slovakia,SVK,27-Mar-20,0
Slovakia,SVK,28-Mar-20,0
Slovakia,SVK,29-Mar-20,0
Slovakia,SVK,30-Mar-20,0
Slovakia,SVK,31-Mar-20,0
Slovakia,SVK,1-Apr-20,0
Slovakia,SVK,2-Apr-20,0
Slovakia,SVK,3-Apr-20,0
Slovenia,SVN,14-Mar-20,0
Slovenia,SVN,15-Mar-20,0
Slovenia,SVN,16-Mar-20,0
Slovenia,SVN,17-Mar-20,0
Slovenia,SVN,18-Mar-20,0.363636364
Slovenia,SVN,19-Mar-20,0.34965035
Slovenia,SVN,20-Mar-20,0.313479624
Slovenia,SVN,21-Mar-20,0.293255132
Slovenia,SVN,22-Mar-20,0.261096606
Slovenia,SVN,23-Mar-20,0.241545894
Slovenia,SVN,24-Mar-20,0.226244344
Slovenia,SVN,25-Mar-20,0.625
Slovenia,SVN,26-Mar-20,0.757575758
Slovenia,SVN,27-Mar-20,0.866551127
Slovenia,SVN,28-Mar-20,1.424050633
Slovenia,SVN,29-Mar-20,1.302460203
Slovenia,SVN,30-Mar-20,1.506849315
Slovenia,SVN,31-Mar-20,1.441677588
Slovenia,SVN,1-Apr-20,1.597051597
Slovenia,SVN,2-Apr-20,1.783590963
Slovenia,SVN,3-Apr-20,1.783723523
South Africa,ZAF,19-Mar-20,0
South Africa,ZAF,20-Mar-20,0
South Africa,ZAF,21-Mar-20,0
South Africa,ZAF,22-Mar-20,0
South Africa,ZAF,23-Mar-20,0
South Africa,ZAF,24-Mar-20,0
South Africa,ZAF,25-Mar-20,0
South Africa,ZAF,26-Mar-20,0
South Africa,ZAF,27-Mar-20,0.21574973
South Africa,ZAF,28-Mar-20,0.170940171
South Africa,ZAF,29-Mar-20,0.168491997
South Africa,ZAF,30-Mar-20,0.15625
South Africa,ZAF,31-Mar-20,0.226244344
South Africa,ZAF,1-Apr-20,0.36954915
South Africa,ZAF,2-Apr-20,0.362318841
South Africa,ZAF,3-Apr-20,0.341997264
South Korea,KOR,21-Feb-20,0.64516129
South Korea,KOR,22-Feb-20,0.579710145
South Korea,KOR,23-Feb-20,0.831946755
South Korea,KOR,24-Feb-20,0.918635171
South Korea,KOR,25-Feb-20,0.896860987
South Korea,KOR,26-Feb-20,0.959860384
South Korea,KOR,27-Feb-20,0.752351097
South Korea,KOR,28-Feb-20,0.642927794
South Korea,KOR,29-Feb-20,0.545888775
South Korea,KOR,1-Mar-20,0.482132728
South Korea,KOR,2-Mar-20,0.522317189
South Korea,KOR,3-Mar-20,0.581878637
South Korea,KOR,4-Mar-20,0.600600601
South Korea,KOR,5-Mar-20,0.60700659
South Korea,KOR,6-Mar-20,0.668364099
South Korea,KOR,7-Mar-20,0.650214275
South Korea,KOR,8-Mar-20,0.700869078
South Korea,KOR,9-Mar-20,0.690869683
South Korea,KOR,10-Mar-20,0.718754159
South Korea,KOR,11-Mar-20,0.773694391
South Korea,KOR,12-Mar-20,0.838734274
South Korea,KOR,13-Mar-20,0.839704224
South Korea,KOR,14-Mar-20,0.8904279
South Korea,KOR,15-Mar-20,0.918892428
South Korea,KOR,16-Mar-20,0.910636231
South Korea,KOR,17-Mar-20,0.973557692
South Korea,KOR,18-Mar-20,1.022227505
South Korea,KOR,19-Mar-20,1.062463514
South Korea,KOR,20-Mar-20,1.155802127
South Korea,KOR,21-Mar-20,1.170587567
South Korea,KOR,22-Mar-20,1.168933348
South Korea,KOR,23-Mar-20,1.261019975
South Korea,KOR,24-Mar-20,1.327874295
South Korea,KOR,25-Mar-20,1.379008427
South Korea,KOR,26-Mar-20,1.417595498
South Korea,KOR,27-Mar-20,1.4894985
South Korea,KOR,28-Mar-20,1.519307871
South Korea,KOR,29-Mar-20,1.586142127
South Korea,KOR,30-Mar-20,1.635441466
South Korea,KOR,31-Mar-20,1.665644799
South Korea,KOR,1-Apr-20,1.665644799
South Korea,KOR,2-Apr-20,1.694065758
South Korea,KOR,3-Apr-20,1.729278473
Spain,ESP,3-Mar-20,0
Spain,ESP,4-Mar-20,0
Spain,ESP,5-Mar-20,0.5
Spain,ESP,6-Mar-20,1.149425287
Spain,ESP,7-Mar-20,1.336898396
Spain,ESP,8-Mar-20,1.162790698
Spain,ESP,9-Mar-20,0.848896435
Spain,ESP,10-Mar-20,2.325581395
Spain,ESP,11-Mar-20,2.135448444
Spain,ESP,12-Mar-20,2.196261682
Spain,ESP,13-Mar-20,2.796271638
Spain,ESP,14-Mar-20,2.859844009
Spain,ESP,15-Mar-20,2.363984008
Spain,ESP,16-Mar-20,3.714691087
Spain,ESP,17-Mar-20,3.36198455
Spain,ESP,18-Mar-20,4.392556808
Spain,ESP,19-Mar-20,4.359871683
Spain,ESP,20-Mar-20,4.473085671
Spain,ESP,21-Mar-20,5.015015015
Spain,ESP,22-Mar-20,5.319746449
Spain,ESP,23-Mar-20,6.019879602
Spain,ESP,24-Mar-20,6.594336486
Spain,ESP,25-Mar-20,6.795553651
Spain,ESP,26-Mar-20,7.212770426
Spain,ESP,27-Mar-20,7.277354595
Spain,ESP,28-Mar-20,7.583633838
Spain,ESP,29-Mar-20,7.875650537
Spain,ESP,30-Mar-20,8.284579362
Spain,ESP,31-Mar-20,8.61552908
Spain,ESP,1-Apr-20,8.67322622
Spain,ESP,2-Apr-20,8.863671967
Spain,ESP,3-Apr-20,9.07400352
Sri Lanka,LKA,25-Mar-20,0
Sri Lanka,LKA,26-Mar-20,0
Sri Lanka,LKA,27-Mar-20,0
Sri Lanka,LKA,28-Mar-20,0
Sri Lanka,LKA,29-Mar-20,0.869565217
Sri Lanka,LKA,30-Mar-20,0.833333333
Sri Lanka,LKA,31-Mar-20,0.833333333
Sri Lanka,LKA,1-Apr-20,1.639344262
Sri Lanka,LKA,2-Apr-20,1.398601399
Sri Lanka,LKA,3-Apr-20,2.027027027
Sweden,SWE,7-Mar-20,0
Sweden,SWE,8-Mar-20,0
Sweden,SWE,9-Mar-20,0
Sweden,SWE,10-Mar-20,0
Sweden,SWE,11-Mar-20,0
Sweden,SWE,12-Mar-20,0.216450216
Sweden,SWE,13-Mar-20,0.161290323
Sweden,SWE,14-Mar-20,0.129032258
Sweden,SWE,15-Mar-20,0.108225108
Sweden,SWE,16-Mar-20,0.290697674
Sweden,SWE,17-Mar-20,0.624442462
Sweden,SWE,18-Mar-20,0.685518423
Sweden,SWE,19-Mar-20,0.768639508
Sweden,SWE,20-Mar-20,0.702740689
Sweden,SWE,21-Mar-20,0.985828712
Sweden,SWE,22-Mar-20,1.145475372
Sweden,SWE,23-Mar-20,1.101783841
Sweden,SWE,24-Mar-20,1.240079365
Sweden,SWE,25-Mar-20,1.584507042
Sweden,SWE,26-Mar-20,1.673306773
Sweden,SWE,27-Mar-20,2.352102637
Sweden,SWE,28-Mar-20,3.020354563
Sweden,SWE,29-Mar-20,2.959094865
Sweden,SWE,30-Mar-20,2.972972973
Sweden,SWE,31-Mar-20,3.624627607
Sweden,SWE,1-Apr-20,4.058624577
Sweden,SWE,2-Apr-20,4.831210835
Sweden,SWE,3-Apr-20,5.159165752
Switzerland,CHE,7-Mar-20,0.4784689
Switzerland,CHE,8-Mar-20,0.378787879
Switzerland,CHE,9-Mar-20,0.602409639
Switzerland,CHE,10-Mar-20,0.534759358
Switzerland,CHE,11-Mar-20,0.612244898
Switzerland,CHE,12-Mar-20,0.62305296
Switzerland,CHE,13-Mar-20,0.468384075
Switzerland,CHE,14-Mar-20,0.624442462
Switzerland,CHE,15-Mar-20,0.80941869
Switzerland,CHE,16-Mar-20,0.590909091
Switzerland,CHE,17-Mar-20,0.636363636
Switzerland,CHE,18-Mar-20,0.716981132
Switzerland,CHE,19-Mar-20,0.697674419
Switzerland,CHE,20-Mar-20,0.848765432
Switzerland,CHE,21-Mar-20,0.888429752
Switzerland,CHE,22-Mar-20,0.921507323
Switzerland,CHE,23-Mar-20,0.86070865
Switzerland,CHE,24-Mar-20,0.82345602
Switzerland,CHE,25-Mar-20,0.978495847
Switzerland,CHE,26-Mar-20,1.060325304
Switzerland,CHE,27-Mar-20,1.502706739
Switzerland,CHE,28-Mar-20,1.627561137
Switzerland,CHE,29-Mar-20,1.786800487
Switzerland,CHE,30-Mar-20,1.800476391
Switzerland,CHE,31-Mar-20,1.914092915
Switzerland,CHE,1-Apr-20,2.315619568
Switzerland,CHE,2-Apr-20,2.214411248
Switzerland,CHE,3-Apr-20,2.844406708
Taiwan,TWN,19-Mar-20,0.925925926
Taiwan,TWN,20-Mar-20,0.925925926
Taiwan,TWN,21-Mar-20,1.481481481
Taiwan,TWN,22-Mar-20,1.307189542
Taiwan,TWN,23-Mar-20,1.212121212
Taiwan,TWN,24-Mar-20,1.025641026
Taiwan,TWN,25-Mar-20,0.925925926
Taiwan,TWN,26-Mar-20,0.85106383
Taiwan,TWN,27-Mar-20,0.793650794
Taiwan,TWN,28-Mar-20,0.74906367
Taiwan,TWN,29-Mar-20,0.706713781
Taiwan,TWN,30-Mar-20,1.633986928
Taiwan,TWN,31-Mar-20,1.633986928
Taiwan,TWN,1-Apr-20,1.552795031
Taiwan,TWN,2-Apr-20,1.474926254
Taiwan,TWN,3-Apr-20,1.474926254
Thailand,THA,16-Mar-20,0.877192982
Thailand,THA,17-Mar-20,0.564971751
Thailand,THA,18-Mar-20,0.564971751
Thailand,THA,19-Mar-20,0.564971751
Thailand,THA,20-Mar-20,0.471698113
Thailand,THA,21-Mar-20,0.273224044
Thailand,THA,22-Mar-20,0.166944908
Thailand,THA,23-Mar-20,0.138696255
Thailand,THA,24-Mar-20,0.483675937
Thailand,THA,25-Mar-20,0.428265525
Thailand,THA,26-Mar-20,0.38277512
Thailand,THA,27-Mar-20,0.440140845
Thailand,THA,28-Mar-20,0.440140845
Thailand,THA,29-Mar-20,0.481927711
Thailand,THA,30-Mar-20,0.504322767
Thailand,THA,31-Mar-20,0.605693519
Thailand,THA,1-Apr-20,0.605693519
Thailand,THA,2-Apr-20,0.677583286
Thailand,THA,3-Apr-20,0.8
Tunisia,TUN,25-Mar-20,2.631578947
Tunisia,TUN,26-Mar-20,2.89017341
Tunisia,TUN,27-Mar-20,2.89017341
Tunisia,TUN,28-Mar-20,2.643171806
Tunisia,TUN,29-Mar-20,2.643171806
Tunisia,TUN,30-Mar-20,2.877697842
Tunisia,TUN,31-Mar-20,2.564102564
Tunisia,TUN,1-Apr-20,2.486187845
Tunisia,TUN,2-Apr-20,2.538071066
Tunisia,TUN,3-Apr-20,2.857142857
Turkey,TUR,19-Mar-20,0.523560209
Turkey,TUR,20-Mar-20,1.114206128
Turkey,TUR,21-Mar-20,1.343283582
Turkey,TUR,22-Mar-20,2.217529039
Turkey,TUR,23-Mar-20,2.427184466
Turkey,TUR,24-Mar-20,2.419882276
Turkey,TUR,25-Mar-20,2.35042735
Turkey,TUR,26-Mar-20,2.424989725
Turkey,TUR,27-Mar-20,2.066685037
Turkey,TUR,28-Mar-20,1.614601615
Turkey,TUR,29-Mar-20,1.459065118
Turkey,TUR,30-Mar-20,1.421286753
Turkey,TUR,31-Mar-20,1.456436931
Turkey,TUR,1-Apr-20,1.58155347
Turkey,TUR,2-Apr-20,1.766694304
Turkey,TUR,3-Apr-20,1.963054866
Ukraine,UKR,26-Mar-20,3.539823009
Ukraine,UKR,27-Mar-20,3.205128205
Ukraine,UKR,28-Mar-20,2.293577982
Ukraine,UKR,29-Mar-20,2.572347267
Ukraine,UKR,30-Mar-20,2.153110048
Ukraine,UKR,31-Mar-20,2.291666667
Ukraine,UKR,1-Apr-20,2.367941712
Ukraine,UKR,2-Apr-20,2.518891688
Ukraine,UKR,3-Apr-20,2.487562189
United Arab Emirates,ARE,18-Mar-20,0
United Arab Emirates,ARE,19-Mar-20,0
United Arab Emirates,ARE,20-Mar-20,0
United Arab Emirates,ARE,21-Mar-20,0
United Arab Emirates,ARE,22-Mar-20,1.307189542
United Arab Emirates,ARE,23-Mar-20,1.307189542
United Arab Emirates,ARE,24-Mar-20,1.01010101
United Arab Emirates,ARE,25-Mar-20,0.806451613
United Arab Emirates,ARE,26-Mar-20,0.600600601
United Arab Emirates,ARE,27-Mar-20,0.600600601
United Arab Emirates,ARE,28-Mar-20,0.49382716
United Arab Emirates,ARE,29-Mar-20,0.427350427
United Arab Emirates,ARE,30-Mar-20,0.427350427
United Arab Emirates,ARE,31-Mar-20,0.818330606
United Arab Emirates,ARE,1-Apr-20,0.903614458
United Arab Emirates,ARE,2-Apr-20,0.903614458
United Arab Emirates,ARE,3-Apr-20,0.78125
United Kingdom,GBR,6-Mar-20,0.869565217
United Kingdom,GBR,7-Mar-20,0.613496933
United Kingdom,GBR,8-Mar-20,0.970873786
United Kingdom,GBR,9-Mar-20,1.098901099
United Kingdom,GBR,10-Mar-20,1.557632399
United Kingdom,GBR,11-Mar-20,1.608579088
United Kingdom,GBR,12-Mar-20,1.315789474
United Kingdom,GBR,13-Mar-20,1.694915254
United Kingdom,GBR,14-Mar-20,1.414427157
United Kingdom,GBR,15-Mar-20,1.842105263
United Kingdom,GBR,16-Mar-20,2.516175413
United Kingdom,GBR,17-Mar-20,3.56448477
United Kingdom,GBR,18-Mar-20,3.076923077
United Kingdom,GBR,19-Mar-20,3.91634981
United Kingdom,GBR,20-Mar-20,4.394263045
United Kingdom,GBR,21-Mar-20,4.443886518
United Kingdom,GBR,22-Mar-20,4.643284177
United Kingdom,GBR,23-Mar-20,4.944571529
United Kingdom,GBR,24-Mar-20,5.037593985
United Kingdom,GBR,25-Mar-20,5.224712146
United Kingdom,GBR,26-Mar-20,4.858851926
United Kingdom,GBR,27-Mar-20,4.957968777
United Kingdom,GBR,28-Mar-20,5.219005707
United Kingdom,GBR,29-Mar-20,5.962900111
United Kingdom,GBR,30-Mar-20,6.290339105
United Kingdom,GBR,31-Mar-20,6.359243033
United Kingdom,GBR,1-Apr-20,7.11332008
United Kingdom,GBR,2-Apr-20,8.590622243
United Kingdom,GBR,3-Apr-20,8.663028649
United States,USA,3-Mar-20,5.825242718
United States,USA,4-Mar-20,7.2
United States,USA,5-Mar-20,6.918238994
United States,USA,6-Mar-20,5.150214592
United States,USA,7-Mar-20,4.142011834
United States,USA,8-Mar-20,3.926096998
United States,USA,9-Mar-20,3.790613718
United States,USA,10-Mar-20,3.448275862
United States,USA,11-Mar-20,2.731707317
United States,USA,12-Mar-20,2.286585366
United States,USA,13-Mar-20,2.405291642
United States,USA,14-Mar-20,2.161913523
United States,USA,15-Mar-20,1.931548628
United States,USA,16-Mar-20,1.828298887
United States,USA,17-Mar-20,1.823642995
United States,USA,18-Mar-20,1.680410767
United States,USA,19-Mar-20,1.593202337
United States,USA,20-Mar-20,1.052631579
United States,USA,21-Mar-20,1.324908276
United States,USA,22-Mar-20,1.271170599
United States,USA,23-Mar-20,1.337840141
United States,USA,24-Mar-20,1.270401791
United States,USA,25-Mar-20,1.450272492
United States,USA,26-Mar-20,1.517472613
United States,USA,27-Mar-20,1.507134468
United States,USA,28-Mar-20,1.630590528
United States,USA,29-Mar-20,1.757510127
United States,USA,30-Mar-20,1.754238769
United States,USA,31-Mar-20,1.925646944
United States,USA,1-Apr-20,2.151167083
United States,USA,2-Apr-20,2.370790094
United States,USA,3-Apr-20,2.46517879
Uruguay,URY,21-Mar-20,0
Uruguay,URY,22-Mar-20,0
Uruguay,URY,23-Mar-20,0
Uruguay,URY,24-Mar-20,0
Uruguay,URY,25-Mar-20,0
Uruguay,URY,26-Mar-20,0
Uruguay,URY,27-Mar-20,0
Uruguay,URY,28-Mar-20,0
Uruguay,URY,29-Mar-20,0
Uruguay,URY,30-Mar-20,0.323624595
Uruguay,URY,31-Mar-20,0.3125
Uruguay,URY,1-Apr-20,0.295857988
Uruguay,URY,2-Apr-20,0.591715976
Uruguay,URY,3-Apr-20,1.08401084
Uzbekistan,UZB,28-Mar-20,0
Uzbekistan,UZB,29-Mar-20,0.751879699
Uzbekistan,UZB,30-Mar-20,0.689655172
Uzbekistan,UZB,31-Mar-20,1.342281879
Uzbekistan,UZB,1-Apr-20,1.156069364
Uzbekistan,UZB,2-Apr-20,1.069518717
Uzbekistan,UZB,3-Apr-20,1.052631579
Venezuela,VEN,26-Mar-20,0
Venezuela,VEN,27-Mar-20,0.934579439
Venezuela,VEN,28-Mar-20,0.840336134
Venezuela,VEN,29-Mar-20,0.840336134
Venezuela,VEN,30-Mar-20,0.840336134
Venezuela,VEN,31-Mar-20,2.222222222
Venezuela,VEN,1-Apr-20,2.222222222
Venezuela,VEN,2-Apr-20,2.097902098
Venezuela,VEN,3-Apr-20,2.083333333
Vietnam,VNM,23-Mar-20,0
Vietnam,VNM,24-Mar-20,0
Vietnam,VNM,25-Mar-20,0
Vietnam,VNM,26-Mar-20,0
Vietnam,VNM,27-Mar-20,0
Vietnam,VNM,28-Mar-20,0
Vietnam,VNM,29-Mar-20,0
Vietnam,VNM,30-Mar-20,0
Vietnam,VNM,31-Mar-20,0
Vietnam,VNM,1-Apr-20,0
Vietnam,VNM,2-Apr-20,0
Vietnam,VNM,3-Apr-20,0
World,OWID_WRL,19-Jan-20,1.369863014
World,OWID_WRL,20-Jan-20,1.255230126
World,OWID_WRL,21-Jan-20,1.530612245
World,OWID_WRL,22-Jan-20,3.183520599
World,OWID_WRL,23-Jan-20,2.694136292
World,OWID_WRL,24-Jan-20,2.898550725
World,OWID_WRL,25-Jan-20,3.037037037
World,OWID_WRL,26-Jan-20,2.76816609
World,OWID_WRL,27-Jan-20,2.872340426
World,OWID_WRL,28-Jan-20,2.31087857
World,OWID_WRL,29-Jan-20,2.175704632
World,OWID_WRL,30-Jan-20,2.173079381
World,OWID_WRL,31-Jan-20,2.167718298
World,OWID_WRL,1-Feb-20,2.168089737
World,OWID_WRL,2-Feb-20,2.095643809
World,OWID_WRL,3-Feb-20,2.083813032
World,OWID_WRL,4-Feb-20,2.071307301
World,OWID_WRL,5-Feb-20,2.010439605
World,OWID_WRL,6-Feb-20,1.998373006
World,OWID_WRL,7-Feb-20,2.025975676
World,OWID_WRL,8-Feb-20,2.07253886
World,OWID_WRL,9-Feb-20,2.16499787
World,OWID_WRL,10-Feb-20,2.244696596
World,OWID_WRL,11-Feb-20,2.36167498
World,OWID_WRL,12-Feb-20,2.468070036
World,OWID_WRL,13-Feb-20,2.270918976
World,OWID_WRL,14-Feb-20,2.142757541
World,OWID_WRL,15-Feb-20,2.275606158
World,OWID_WRL,16-Feb-20,2.409586371
World,OWID_WRL,17-Feb-20,2.488364268
World,OWID_WRL,18-Feb-20,2.554311509
World,OWID_WRL,19-Feb-20,2.675852163
World,OWID_WRL,20-Feb-20,2.810242595
World,OWID_WRL,21-Feb-20,2.928870293
World,OWID_WRL,22-Feb-20,3.03197779
World,OWID_WRL,23-Feb-20,3.125158605
World,OWID_WRL,24-Feb-20,3.301024717
World,OWID_WRL,25-Feb-20,3.366944542
World,OWID_WRL,26-Feb-20,3.410087042
World,OWID_WRL,27-Feb-20,3.41043349
World,OWID_WRL,28-Feb-20,3.427097703
World,OWID_WRL,29-Feb-20,3.428283042
World,OWID_WRL,1-Mar-20,3.423193602
World,OWID_WRL,2-Mar-20,3.419858984
World,OWID_WRL,3-Mar-20,3.439071737
World,OWID_WRL,4-Mar-20,3.440162446
World,OWID_WRL,5-Mar-20,3.443283394
World,OWID_WRL,6-Mar-20,3.448029988
World,OWID_WRL,7-Mar-20,3.415154749
World,OWID_WRL,8-Mar-20,3.387700333
World,OWID_WRL,9-Mar-20,3.476913259
World,OWID_WRL,10-Mar-20,3.521780237
World,OWID_WRL,11-Mar-20,3.618581907
World,OWID_WRL,12-Mar-20,3.679769238
World,OWID_WRL,13-Mar-20,3.712309118
World,OWID_WRL,14-Mar-20,3.775126198
World,OWID_WRL,15-Mar-20,3.805981489
World,OWID_WRL,16-Mar-20,3.886081544
World,OWID_WRL,17-Mar-20,3.943452381
World,OWID_WRL,18-Mar-20,4.050072882
World,OWID_WRL,19-Mar-20,4.148252404
World,OWID_WRL,20-Mar-20,4.077750821
World,OWID_WRL,21-Mar-20,4.149299536
World,OWID_WRL,22-Mar-20,4.240668334
World,OWID_WRL,23-Mar-20,4.317531859
World,OWID_WRL,24-Mar-20,4.329775242
World,OWID_WRL,25-Mar-20,4.453214024
World,OWID_WRL,26-Mar-20,4.484359544
World,OWID_WRL,27-Mar-20,4.484933692
World,OWID_WRL,28-Mar-20,4.561064316
World,OWID_WRL,29-Mar-20,4.635496433
World,OWID_WRL,30-Mar-20,4.693347201
World,OWID_WRL,31-Mar-20,4.791873448
World,OWID_WRL,1-Apr-20,4.92007593
World,OWID_WRL,2-Apr-20,5.049674937
World,OWID_WRL,3-Apr-20,5.150217596
